component,jtl_article_number
ATA KINGSTON SA400S37960G-SSD-ata-960GB,SSD-1TB-2-5
ATA WDC WD10EURX-83UY4Y0-HDD-ata-1000GB,HDD-1TB-3-5
HL-DT-ST HL-DT-ST DVDRAM GHC0N-HDD-ata-1GB,DVD-Brenner
HMT41GU6DFR8A-PB - DIMM DDR3 Synchronous 1600 MHz (0.6 ns)-8GB,RAM-8GB-DDR3
CASE_OFFICE_GREED,GEH-LC-7038B-ON
COOLER_ORIGINAL,Nicht im WAWI
PSU_FUJITSU,Nicht im WAWI
D3221-A1,MAB-D3222-A12
Intel(R) Core(TM) i7-4790 CPU @ 3.60GHz,CPU-i7-4790
Intel HD 4600,Nicht im WAWI
WPK,LIZ-Windows-11-Pro
CASE_NON_CUSTOM,Nicht im WAWI
NON_CUSTOM_PSU,Nicht im WAWI
LNVNB161216,Nicht im WAWI
Intel(R) Celeron(R) N4500 @ 1.10GHz,Nicht im WAWI
CT16G4SFRA32A.C16FJ - SODIMM DDR4 Synchronous 2933 MHz (0.3 ns)-16GB,RAM-16GB-DDR4-SODIMM
Intel Integrated,Nicht im WAWI
KINGSTON SNV3S1000G-SSD-nvme-1000GB,SSD-M2-1TB
WLAN Modul intern,Nicht im WAWI
M378B1G73QH0-YKO - DIMM DDR3 Synchronous 1600 MHz (0.6 ns)-8GB,RAM-8GB-DDR3
 - DIMM DDR3 Synchronous 1600 MHz (0.6 ns)-8GB,RAM-8GB-DDR3
ATA WDC WD10EURX-83UY4Y0-HDD-sata-1000GB,HDD-1TB-3-5
ATA CT1000BX500SSD1-SSD-sata-1000GB,SSD-1TB-2-5
HL-DT-ST HL-DT-ST DVD-ROM DH60N-HDD-sata-1GB,DVD-Brenner
CASE_GAMING_GREED,GEH-LC-703B-ON
COOLER_LGA_1700,KUE-I-1700
PSU_GAMING_700W,NET-750W-Gaming
H610M-H2/M.2,MAB-H610M
12th Gen Intel(R) Core(TM) i9-12900K,CPU-i9-12900K
M378A2G43CB3-CWE - DIMM DDR4 Synchronous 3200 MHz (0.3 ns)-16GB,RAM-16GB-DDR4
NVIDIA GeForce RTX 4070,GRA-RTX4070
MSI M450 1TB-SSD-nvme-1000GB,SSD-M2-1TB
MK2ProIntel-12,PC-MK2-Pro-Intel
TSSTcorp TSSTcorp CDDVDW SH-224GB-HDD-sata-1GB,DVD-Brenner
Ultra,PC-Ultra
512GB PCIe SSD-SSD-nvme-512GB,SSD-512GB-M2
V15_G2_Multi_W,PC-V15-Multi
12th Gen Intel(R) Core(TM) i9-12900KF,CPU-i9-12900KF
ATA ESSENCORE SATA SSD-SSD-sata-256GB,SSD-240GB-2-5
TSSTcorp TSSTcorp CDDVDW SH-222BB-HDD-sata-1GB,DVD-Brenner
Multi,PC-Multi
V15_G2_Ultra_W,PC-V15-Ultra
12th Gen Intel(R) Core(TM) i7-12700KF,CPU-i7-12700KF
NVIDIA GeForce RTX 4060,GRA-RTX4060
MK2Intel_4060-12,PC-MK2-Intel
9905743-220.A00G - DIMM DDR4 Synchronous 3200 MHz (0.3 ns)-16GB,RAM-16GB-DDR4
9905743-150.A00G - DIMM DDR4 Synchronous 3200 MHz (0.3 ns)-16GB,RAM-16GB-DDR4
NVIDIA GeForce RTX 3060,GRA-RTX3060
hp hp DVD A DH16ACSHR-HDD-sata-1GB,DVD-Brenner
MSI M480 PRO 2TB-SSD-nvme-2000GB,SSD-M2-2TB
PC_3060_i9_2T_1THDD_W,Nicht im WAWI
PSU_OFFICE_500W,NET-500W-Office
NVIDIA GeForce GT 730,GRA-GT730
hp hp DVD-RAM SW820-HDD-sata-1GB,DVD-Brenner
UltraV2Intel-GT730-12,PC-Ultra-V2-Intel
TSSTcorp TSSTcorpDVD-ROM SH-116AB-HDD-sata-1GB,DVD-Brenner
COOLER_AM4,KUE-AM4
A520M-A PRO (MS-7C96),MAB-A520M
AMD Integrated,Nicht im WAWI
MK2BasicAMD,PC-MK2-Basic-AMD
AMD Ryzen 5 PRO 4655G with Radeon Graphics,CPU-4655G
INNO135978 - DIMM DDR4 Synchronous Unbuffered (Unregistered) 2667 MHz (0.4 ns)-8GB,RAM-8GB-DDR4
D3222-A1,MAB-D3222-A12
M378B1G73EB0-CK0 - DIMM DDR3 Synchronous 1600 MHz (0.6 ns)-8GB,RAM-8GB-DDR3
ATA KINGSTON SA400S37960G-SSD-sata-960GB,SSD-1TB-2-5
PLDS PLDS DVD-RW DH16ACSH-HDD-sata-1GB,DVD-Brenner
ATA 2-Power SSD2042B 256GB-SSD-sata-256GB,SSD-240GB-2-5
 - SODIMM DDR3 Synchronous 1600 MHz (0.6 ns)-8GB,RAM-8GB-DDR3-SODIMM
ATA SSD 1TB-SSD-sata-1024GB,SSD-1TB-2-5
TSSTcorp TSSTcorp DVD-ROM SH-116BB-HDD-sata-1GB,DVD-Brenner
16JTF1G64AZ-1G6E1 - DIMM DDR3 Synchronous 1600 MHz (0.6 ns)-8GB,RAM-8GB-DDR3
CT102464BA160B.C16 - DIMM DDR3 Synchronous 1600 MHz (0.6 ns)-8GB,RAM-8GB-DDR3
HL-DT-ST HL-DT-ST DVDRAM GHC0N-HDD-sata-1GB,DVD-Brenner
ATA WDC WD10EURX-63UY4Y0-HDD-sata-1000GB,HDD-1TB-3-5
ATA 1TB SATA 2.5 SSD-SSD-sata-1024GB,SSD-1TB-2-5
TSSTcorp TSSTcorp DVD-RW SH-216AB-HDD-sata-1GB,DVD-Brenner
CT102464BA160B.M16 - DIMM DDR3 Synchronous 1600 MHz (0.6 ns)-8GB,RAM-8GB-DDR3
HMT41GU6AFR8A-PB - DIMM DDR3 Synchronous 1600 MHz (0.6 ns)-8GB,RAM-8GB-DDR3
HMT41GU6BFR8A-PB - DIMM DDR3 Synchronous 1600 MHz (0.6 ns)-8GB,RAM-8GB-DDR3
hp hp DVD A DH16ABLH-HDD-sata-1GB,DVD-Brenner
COOLER_LGA_15XX_1200,KUE-I-1200
H510M-H2/M.2 SE,MAB-H510M
Intel(R) Core(TM) i9-10900F CPU @ 2.80GHz,CPU-i9-10900F
9905743-150.A00G - DIMM DDR4 Synchronous 2933 MHz (0.3 ns)-16GB,RAM-16GB-DDR4
UltraV2Intel,PC-Ultra-V2-Intel
H510M-HDV/M.2 SE,MAB-H510M
MK2Intel_4060,PC-MK2-Intel
INNO8GB1600S - DIMM DDR3 Synchronous 1600 MHz (0.6 ns)-8GB,RAM-8GB-DDR3
"ATA SSD_2.5""_1TB_InnovationIT_QLC-SSD-sata-1024GB",SSD-1TB-2-5
Optiarc Optiarc DVD RW AD-7290H-HDD-sata-1GB,DVD-Brenner
Intel(R) Core(TM) i7-4770 CPU @ 3.40GHz,CPU-i7-4770
HL-DT-ST HL-DT-ST DVDRAM GH60N-HDD-sata-1GB,DVD-Brenner
M378A2G43CB3-CWE - DIMM DDR4 Synchronous 2933 MHz (0.3 ns)-16GB,RAM-16GB-DDR4
CASE_OFFICE_HB,GEH-MA-01
Optiarc Optiarc DVD RW AD-7250H-HDD-sata-1GB,DVD-Brenner
TSSTcorp TSSTcorp CDDVDW SH-224BB-HDD-sata-1GB,DVD-Brenner
3106,Nicht im WAWI
Intel(R) Core(TM) i7-6700 CPU @ 3.40GHz,CPU-i7-6700
CT16G4DFD824A.C16FT - DIMM DDR4 Synchronous Unbuffered (Unregistered) 2400 MHz (0.4 ns)-16GB,RAM-16GB-DDR4
Intel HD 530,Nicht im WAWI
ATA MicroFrom 1TB SATA3 SSD-SSD-sata-1024GB,SSD-1TB-2-5
M910-32-1T-i7,PC-M900-i7
D3161-A1,MAB-D3162-A12-HB
Intel(R) Core(TM) i7-3770 CPU @ 3.40GHz,CPU-i7-3770
Intel HD 4000,Nicht im WAWI
TSSTcorp TSSTcorpDVD-ROM TS-H353C-HDD-sata-1GB,DVD-Brenner
HB-Ultra,PC-HB-Ultra
 KINGSTON SNV3S1000G-SSD-nvme-1000GB,SSD-M2-1TB
HL-DT-ST HL-DT-ST DVDRAM GH24NSD1-HDD-sata-1GB,DVD-Brenner
 MSI M450 1TB-SSD-nvme-1000GB,SSD-M2-1TB
D3401-A1,MAB-D3401-A11
9905743-150.A00G - DIMM DDR4 Synchronous 2133 MHz (0.5 ns)-16GB,RAM-16GB-DDR4
M378A2G43CB3-CWE - DIMM DDR4 Synchronous 2133 MHz (0.5 ns)-16GB,RAM-16GB-DDR4
Ultra7,PC-Ultra-7
ATAPI ATAPI iHAS124 F-HDD-sata-1GB,DVD-Brenner
HL-DT-ST HL-DT-ST DVD+/-RW GHA2N-HDD-sata-1GB,DVD-Brenner
"ATA SSD_2.5""_TLC_1TB_InnovationIT_MAS-SSD-sata-1024GB",SSD-1TB-2-5
W644GU44J2320NH - DIMM DDR4 Synchronous 3200 MHz (0.3 ns)-32GB,RAM-32GB-DDR4
TSSTcorp TSSTcorp DVD-RW SH-216DB-HDD-sata-1GB,DVD-Brenner
ATA TOSHIBA HDWD110-HDD-sata-1000GB,HDD-1TB-3-5
11th Gen Intel(R) Core(TM) i9-11900F @ 2.50GHz,CPU-i9-11900F
TSSTcorp TSSTcorp CDDVDW SH-216DB-HDD-sata-1GB,DVD-Brenner
UltraV2Intel-GT730,PC-Ultra-V2-Intel
829A,Nicht im WAWI
Intel(R) Core(TM) i5-7600T CPU @ 2.80GHz,JTL_ARTNR_CPU_7600T
HKED4082CAA1D0HA1 - SODIMM DDR4 Synchronous Unbuffered (Unregistered) 2400 MHz (0.4 ns)-8GB,RAM-16GB-DDR4-SODIMM
Intel HD 630,Nicht im WAWI
SUNEAST NVMe SSD 512GB-SSD-nvme-512GB,SSD-512GB-M2
800G3_16_512,PC-HP-800-G3
hp hp CDDVDW TS-H653T-HDD-sata-1GB,DVD-Brenner
Optiarc Optiarc DVD RW AD-7260S-HDD-sata-1GB,DVD-Brenner
11th Gen Intel(R) Core(TM) i7-11700F @ 2.50GHz,CPU-i7-11700F
MultiV2Intel-GT730,PC-Multi-V2-Intel
TSSTcorp TSSTcorp CDDVDW SH-224DB-HDD-sata-1GB,DVD-Brenner
"ATA SSD_2.5""_TLC_512GB_InnovationIT-SSD-sata-512GB",SSD-512GB-2-5
HL-DT-ST HL-DT-ST DVD-ROM DH50N-HDD-sata-1GB,DVD-Brenner
HB-Multi,PC-HB-Multi
B450M-HDV R4.0,MAB-B450-AMD
AMD Ryzen 7 5700G with Radeon Graphics,CPU-R7-5700G
9905743-150.A00G - DIMM DDR4 Synchronous Unbuffered (Unregistered) 3200 MHz (0.3 ns)-16GB,RAM-16GB-DDR4
KINGSTON SNV2S1000G-SSD-nvme-1000GB,SSD-M2-1TB
UltraV2AMD,PC-Ultra-V2-AMD
CT16G4DFRA32A.M8FF - DIMM DDR4 Synchronous 2933 MHz (0.3 ns)-16GB,RAM-16GB-DDR4
UltraV2Intel-GT730-10F,PC-Ultra-V2-Intel
TSSTcorp TSSTcorp DVD-RW SH-216FB-HDD-sata-1GB,DVD-Brenner
Intel(R) Core(TM) i5-6500 CPU @ 3.20GHz,CPU-i5-6500
INNO124205 - DIMM DDR4 Synchronous 2133 MHz (0.5 ns)-8GB,RAM-8GB-DDR4
PLDS PLDS DVD-RW DH16AFSH-HDD-sata-1GB,DVD-Brenner
Basic7,PC-Basic-7
CT8G4DFRA32A.C8FT - DIMM DDR4 Synchronous Unbuffered (Unregistered) 3200 MHz (0.3 ns)-8GB,RAM-8GB-DDR4
DT8G2666V.HTL0824 - DIMM DDR4 Synchronous 2133 MHz (0.5 ns)-8GB,RAM-8GB-DDR4
HL-DT-ST HL-DT-ST DVDRAM GH24NSD5-HDD-sata-1GB,DVD-Brenner
TSSTcorp TSSTcorp CDDVDW SH-224FB-HDD-sata-1GB,DVD-Brenner
9905743-220.A00G - DIMM DDR4 Synchronous 2933 MHz (0.3 ns)-16GB,RAM-16GB-DDR4
TSSTcorp TSSTcorp CDDVDW SH-216BB-HDD-sata-1GB,DVD-Brenner
hp hp CDDVDW SH-216DB-HDD-sata-1GB,DVD-Brenner
TEAMGROUP-UD4-3200 - DIMM DDR4 Synchronous 3200 MHz (0.3 ns)-32GB,RAM-32GB-DDR4
AMD Ryzen 7 5700X 8-Core Processor,CPU-R7-5700X
M378A2G43CB3-CWE - DIMM DDR4 Synchronous Unbuffered (Unregistered) 3200 MHz (0.3 ns)-16GB,RAM-16GB-DDR4
MK2AMD_4060,PC-MK2-AMD
ATA EMTEC X150 240GB-SSD-sata-240GB,SSD-240GB-2-5
HB-Basic,PC-HB-Basic
11th Gen Intel(R) Core(TM) i9-11900KF @ 3.50GHz,CPU-i9-11900KF
F4-3200C16-16GIS - DIMM DDR4 Synchronous 2133 MHz (0.5 ns)-16GB,RAM-16GB-DDR4
NVIDIA GeForce GT 710,GRA-GT710
HL-DT-ST HL-DT-ST DVDRAM GH24NS95-HDD-sata-1GB,DVD-Brenner
2666DDCD4 - DIMM DDR4 Synchronous Unbuffered (Unregistered) 2667 MHz (0.4 ns)-8GB,RAM-8GB-DDR4
ATA Go-Infinity-SSD-sata-256GB,SSD-240GB-2-5
9905702-119.A00G - DIMM DDR4 Synchronous Unbuffered (Unregistered) 2400 MHz (0.4 ns)-8GB,RAM-8GB-DDR4
9905702-137.A00G - DIMM DDR4 Synchronous Unbuffered (Unregistered) 2400 MHz (0.4 ns)-8GB,RAM-8GB-DDR4
9905702-159.A00G - DIMM DDR4 Synchronous Unbuffered (Unregistered) 2400 MHz (0.4 ns)-8GB,RAM-8GB-DDR4
HL-DT-ST HL-DT-ST DVDRAM GH24NSC0-HDD-sata-1GB,DVD-Brenner
"""HMT41GU6MFR8C-PB - DIMM DDR3 Synchronous 1600 MHz (0.6 ns)-8GB",RAM-8GB-DDR4
ATA 512GB SATA 2.5 SSD-SSD-sata-512GB,SSD-512GB-2-5
HL-DT-ST HL-DT-ST DVD-RAM GH15L-HDD-sata-1GB,DVD-Brenner
Optiarc Optiarc DVD RW AD-5260S-HDD-sata-1GB,DVD-Brenner
NMSO416E82-3200E - SODIMM DDR4 Synchronous 2933 MHz (0.3 ns)-16GB,RAM-16GB-DDR4-SODIMM
 - DIMM DDR4 Synchronous Unbuffered (Unregistered) 2400 MHz (0.4 ns)-8GB,RAM-8GB-DDR4
8ATF2G64HZ-3G2F1 - SODIMM DDR4 Synchronous 2933 MHz (0.3 ns)-16GB,RAM-16GB-DDR4-SODIMM
HP24D4U7S8MBP-8 - DIMM DDR4 Synchronous Unbuffered (Unregistered) 2400 MHz (0.4 ns)-8GB,RAM-8GB-DDR4
M471A1G44CB0-CWE - SODIMM DDR4 Synchronous 2933 MHz (0.3 ns)-8GB,RAM-16GB-DDR4-SODIMM
SKHynix_HFS256GEJ4X112N-SSD-nvme-256GB,SSD-M2-256GB
V15_G2_Basic_W,PC-V15-Basic
D3162-A1,MAB-D3162-A12-HB
HMT41GU6MFR8C-PB - DIMM DDR3 Synchronous 1600 MHz (0.6 ns)-8GB,RAM-8GB-DDR3
ATA Verbatim Vi550 S3-SSD-sata-1024GB,SSD-1TB-2-5
M378B1G73QH0-CK0 - DIMM DDR3 Synchronous 1600 MHz (0.6 ns)-8GB,RAM-8GB-DDR3
M378B1G73DB0-CK0 - DIMM DDR3 Synchronous 1600 MHz (0.6 ns)-8GB,RAM-8GB-DDR3
M378B1G73EB0-YK0 - DIMM DDR3 Synchronous 1600 MHz (0.6 ns)-8GB,RAM-8GB-DDR3
ATAPI ATAPI DVD A DH20A6S-HDD-sata-1GB,DVD-Brenner
9905702-203.A00G - DIMM DDR4 Synchronous Unbuffered (Unregistered) 2400 MHz (0.4 ns)-8GB,RAM-8GB-DDR4
ATAPI ATAPI DVD A DH16AFSH-HDD-sata-1GB,DVD-Brenner
D3402-A1,MAB-D3401-A11
HL-DT-ST HL-DT-ST DVDRAM GH22NS90-HDD-sata-1GB,DVD-Brenner
ATAPI ATAPI iHAS124 C-HDD-sata-1GB,DVD-Brenner
HMT41GU6AFR8C-PB - DIMM DDR3 Synchronous 1600 MHz (0.6 ns)-8GB,RAM-8GB-DDR3
RMR5040ME68FAF1600 - DIMM DDR3 Synchronous 1600 MHz (0.6 ns)-8GB,RAM-8GB-DDR3
 - DIMM DDR4 Synchronous Unbuffered (Unregistered) 2667 MHz (0.4 ns)-8GB,RAM-8GB-DDR4
HL-DT-ST HL-DT-ST DVDROM DH20N-HDD-sata-1GB,DVD-Brenner
HL-DT-ST HL-DT-ST DVDRAM GHA2N-HDD-sata-1GB,DVD-Brenner
ATAPI ATAPI iHAS124 B-HDD-sata-1GB,DVD-Brenner
HMA81GU6AFR8N-UH - DIMM DDR4 Synchronous Unbuffered (Unregistered) 2400 MHz (0.4 ns)-8GB,RAM-8GB-DDR4
9905702-017.A00G - DIMM DDR4 Synchronous Unbuffered (Unregistered) 2400 MHz (0.4 ns)-8GB,RAM-8GB-DDR4
ATA MicroFrom 512GB SATA3 SSD-SSD-sata-512GB,SSD-512GB-2-5
ATA CT1000MX500SSD1-SSD-sata-1000GB,SSD-1TB-2-5
HL-DT-ST HL-DT-ST DVDRAM GH24NSB0-HDD-sata-1GB,DVD-Brenner
M378A1K43DB2-CTD - DIMM DDR4 Synchronous Unbuffered (Unregistered) 2667 MHz (0.4 ns)-8GB,RAM-8GB-DDR4
M910-16-512,PC-M900-i5
HL-DT-ST HL-DT-ST DVDRAM GHD0N-HDD-sata-1GB,DVD-Brenner
9905678-065.A00G - DIMM DDR4 Synchronous Unbuffered (Unregistered) 2133 MHz (0.5 ns)-8GB,RAM-8GB-DDR4
HL-DT-ST HL-DT-ST DVDRAM GUE0N-HDD-sata-1GB,DVD-Brenner
SHARKBAY,Nicht im WAWI
hp hp DVD-RAM GH82N-HDD-sata-1GB,DVD-Brenner
M93AMZ_32_1T_i7,PC-M93
RMSA3260NA78HAF-2400 - SODIMM DDR4 Synchronous Unbuffered (Unregistered) 2400 MHz (0.4 ns)-8GB,RAM-16GB-DDR4-SODIMM
WLAN,Nicht im WAWI
800G3_16_512_W,PC-HP-800-G3
HL-DT-ST HL-DT-ST DVD-RAM GHC0N-HDD-sata-1GB,DVD-Brenner
9905702-002.A00G - DIMM DDR4 Synchronous Unbuffered (Unregistered) 2400 MHz (0.4 ns)-8GB,RAM-8GB-DDR4
PLDS PLDS DVD-RW DA8AESH-HDD-sata-1GB,Nicht im WAWI
9905471-074.A00LF - DIMM DDR3 Synchronous 1600 MHz (0.6 ns)-8GB,RAM-8GB-DDR3
9905471-100.A00LF - DIMM DDR3 Synchronous 1600 MHz (0.6 ns)-8GB,RAM-8GB-DDR3
9905471-103.A00LF - DIMM DDR3 Synchronous 1600 MHz (0.6 ns)-8GB,RAM-8GB-DDR3
9905471-064.A00LF - DIMM DDR3 Synchronous 1600 MHz (0.6 ns)-8GB,RAM-8GB-DDR3
LENOVO_MT_10B4,Nicht im WAWI
Intel(R) Core(TM) i5-4570 CPU @ 3.20GHz,CPU-i5-4570
M73AMZ_16_512,PC-M73
CT8G4DFS824A.C8FJ - DIMM DDR4 Synchronous Unbuffered (Unregistered) 2400 MHz (0.4 ns)-8GB,RAM-8GB-DDR4
hp hp CDDVDW SH-216BB-HDD-sata-1GB,DVD-Brenner
MATSHITA MATSHITA DVD-RAM SW820-HDD-sata-1GB,DVD-Brenner
ATAPI ATAPI iHAS124 E-HDD-sata-1GB,DVD-Brenner
HMA41GU6AFR8N-TF - DIMM DDR4 Synchronous Unbuffered (Unregistered) 2133 MHz (0.5 ns)-8GB,RAM-8GB-DDR4
9905471-097.A00LF - DIMM DDR3 Synchronous 1600 MHz (0.6 ns)-8GB,RAM-8GB-DDR3
hp hp DVD-RAM GHC0N-HDD-sata-1GB,DVD-Brenner
MATSHITA MATSHITA DVD-RAM SW830-HDD-sata-1GB,DVD-Brenner
K66GKY-ETB - DIMM DDR3 Synchronous 1600 MHz (0.6 ns)-8GB,RAM-8GB-DDR3
K66GKY-MIN - DIMM DDR3 Synchronous 1600 MHz (0.6 ns)-8GB,RAM-8GB-DDR3
Intel(R) Core(TM) i5-4590 CPU @ 3.30GHz,CPU-i5-4590
PLDS PLDS DVD-RW DH16AESH-HDD-sata-1GB,DVD-Brenner
HMA81GS6AFR8N-UH - SODIMM DDR4 Synchronous Unbuffered (Unregistered) 2400 MHz (0.4 ns)-8GB,RAM-8GB-DDR4-SODIMM
HL-DT-ST HL-DT-ST DVDRAM GHB0N-HDD-sata-1GB,DVD-Brenner
WD PC SN740 SDDPMQD-256G-1101-SSD-nvme-256GB,SSD-M2-256GB
Multi7,PC-Multi_7
ATA Verbatim Vi550 S3-SSD-ata-1024GB,SSD-1TB-2-5
TSSTcorp TSSTcorp CDDVDW SH-224BB-HDD-ata-1GB,DVD-Brenner
M471A1K43CB1-CRC - SODIMM DDR4 Synchronous Unbuffered (Unregistered) 2400 MHz (0.4 ns)-8GB,RAM-8GB-DDR4-SODIMM
Intel(R) Core(TM) i7-7700 CPU @ 3.60GHz,CPU-i7-7700
HL-DT-ST HL-DT-ST DVDROM DH16NS30-HDD-sata-1GB,DVD-Brenner
ATA WD Blue SA510 2.5 1000GB-SSD-sata-1000GB,SSD-1TB-2-5
Intel(R) Core(TM) i5-7400 CPU @ 3.00GHz,CPU-i5-7400
B450M-A PRO MAX II (MS-7C52),MAB-B450-AMD
10DU0015MH,Nicht im WAWI
9905622-058.A00G - DIMM DDR4 Synchronous Unbuffered (Unregistered) 2133 MHz (0.5 ns)-8GB,RAM-8GB-DDR4
9905743-220.A00G - DIMM DDR4 Synchronous 2133 MHz (0.5 ns)-16GB,RAM-16GB-DDR4
hp hp DVD-RAM GH80N-HDD-sata-1GB,DVD-Brenner
9905471-081.A00LF - DIMM DDR3 Synchronous 1600 MHz (0.6 ns)-8GB,RAM-8GB-DDR3
hp hp DVD A DH16AFSH-HDD-sata-1GB,DVD-Brenner
CMV8GX3M1A1600C11 - DIMM DDR3 Synchronous 1600 MHz (0.6 ns)-8GB,RAM-8GB-DDR3
99U5471-060.A00LF - DIMM DDR3 Synchronous 1333 MHz (0.8 ns)-8GB,RAM-8GB-DDR3
NVIDIA GeForce RTX 4060 Ti,GRA-RTX4060TI
MK2PowerAMD,PC-MK2-Power-AMD
HMT451U6BFR8A-PB - DIMM DDR3 Synchronous 1600 MHz (0.6 ns)-4GB,RAM-4GB-DDR3
HP698650-154-MCN - DIMM DDR3 Synchronous 1600 MHz (0.6 ns)-4GB,RAM-4GB-DDR3
hp hp DVD-RAM GH40L-HDD-sata-1GB,DVD-Brenner
F4-3200C16-16GIS - DIMM DDR4 Synchronous Unbuffered (Unregistered) 2667 MHz (0.4 ns)-16GB,RAM-16GB-DDR4
ATA SSD_M.2_1TB_InnovationIT_QLC-SSD-sata-1024GB,SSD-1TB-2-5
UltraV2AMD_W,PC-Ultra-V2-AMD
hp hp DVD-RAM SW830-HDD-sata-1GB,DVD-Brenner
9905743-150.A00G - DIMM DDR4 Synchronous Unbuffered (Unregistered) 2667 MHz (0.4 ns)-16GB,RAM-16GB-DDR4
DDR3 PC 8G 1600 - DIMM DDR3 Synchronous 1600 MHz (0.6 ns)-8GB,RAM-8GB-DDR3
TSSTcorp TSSTcorp CDDVDW SH-222AB-HDD-sata-1GB,DVD-Brenner
99U5471-054.A00LF - DIMM DDR3 Synchronous 1600 MHz (0.6 ns)-8GB,RAM-8GB-DDR3
9905678-027.A00G - DIMM DDR4 Synchronous Unbuffered (Unregistered) 2133 MHz (0.5 ns)-8GB,RAM-8GB-DDR4
9905471-030.A00LF - DIMM DDR3 Synchronous 1600 MHz (0.6 ns)-8GB,RAM-8GB-DDR3
ASUS DRW-24F1ST d-HDD-sata-1GB,DVD-Brenner
HL-DT-ST HL-DT-ST DVDRAM GH24NSD0-HDD-sata-1GB,DVD-Brenner
INNO124308 - DIMM DDR4 Synchronous Unbuffered (Unregistered) 3200 MHz (0.3 ns)-16GB,RAM-16GB-DDR4
TEAC TEAC DV-W5600S-HDD-sata-1GB,DVD-Brenner
SAMSUNG MZVKW1T0HMLH-00000-SSD-nvme-1024GB,SSD-M2-1TB
HL-DT-ST HL-DT-ST DVDRAM GH70N-HDD-sata-1GB,DVD-Brenner
HL-DT-ST HL-DT-ST DVDRAM GH40N-HDD-sata-1GB,DVD-Brenner
9905403-577.A00G - DIMM DDR3 Synchronous 1600 MHz (0.6 ns)-8GB,RAM-8GB-DDR3
M378A5244CB0-CRC - DIMM DDR4 Synchronous Unbuffered (Unregistered) 2400 MHz (0.4 ns)-4GB,RAM-4GB-DDR4
BasicV2AMD,PC-Basic-V2-AMD
8ATF1G64HZ-2G3B1 - SODIMM DDR4 Synchronous Unbuffered (Unregistered) 2400 MHz (0.4 ns)-8GB,RAM-8GB-DDR4-SODIMM
PLDS PLDS DVD+/-RW DH-16AES-HDD-sata-1GB,DVD-Brenner
ATA ESSENCORE SATA SSD-SSD-ata-256GB,SSD-240GB-2-5
HL-DT-ST HL-DT-ST DVDRAM GH24NSD1-HDD-ata-1GB,DVD-Brenner
CT16G4DFRA32A.M8FF - DIMM DDR4 Synchronous Unbuffered (Unregistered) 2667 MHz (0.4 ns)-16GB,RAM-16GB-DDR4
hp hp DVD-RAM GH60L-HDD-sata-1GB,DVD-Brenner
HL-DT-ST HL-DT-STDVD-RAM GH70N-HDD-sata-1GB,DVD-Brenner
"ATA SSD_2.5""_TLC_512GB_InnovationIT_MAS-SSD-sata-512GB",SSD-512GB-2-5
MATSHITA MATSHITA DVD-RAM SW840-HDD-sata-1GB,DVD-Brenner
M93AMZ_16_512,PC-M73
Intel(R) Core(TM) i5-6600 CPU @ 3.30GHz,CPU-i5-6600
M378A5244CB0-CRC - DIMM DDR4 Synchronous 2133 MHz (0.5 ns)-4GB,RAM-4GB-DDR4
30BC,Nicht im WAWI
HL-DT-ST HL-DT-ST DVDRAM GUD0N-HDD-sata-1GB,DVD-Brenner
M900-32-1T-i7,PC-M900-i7
Intel(R) Core(TM) i5-4590T CPU @ 2.00GHz,CPU-i5-4590T
DDR3 NB 8G 1600 - SODIMM DDR3 Synchronous 1600 MHz (0.6 ns)-8GB,RAM-8GB-DDR3-SODIMM
M83Tiny-16-512_W,PC-M83-Tiny-i5
HL-DT-ST HL-DT-ST DVD-RAM GHB0N-HDD-sata-1GB,DVD-Brenner
M93AMZ_32_1T_i7_W,PC-M93
D3403-A1,Nicht im WAWI
Intel(R) Core(TM) i5-6500T CPU @ 2.50GHz,CPU-i5-6500
M471A5244CB0-CRC - SODIMM DDR4 Synchronous 2133 MHz (0.5 ns)-4GB,RAM-4GB-DDR4-SODIMM
ATA 512GB-SSD-sata-512GB,SSD-512GB-2-5
Q556AMZ_8_512_W,PC-Q556
M378B5173QH0-CK0 - DIMM DDR3 Synchronous 1600 MHz (0.6 ns)-4GB,RAM-4GB-DDR3
"ATA SSD_2.5""_512GB_InnovationIT_QLC-SSD-sata-512GB",SSD-512GB-2-5
Basic,PC-Basic
ASUS DRW-24D5MT-HDD-sata-1GB,DVD-Brenner
HMT41GU6BFR8C-PB - DIMM DDR3 Synchronous 1600 MHz (0.6 ns)-8GB,RAM-8GB-DDR3
SKYBAY,Nicht im WAWI
PLDS PLDS DVD-RW DU8A6SH-HDD-sata-1GB,Nicht im WAWI
PLDS PLDS DVD-RW DU8AESH-HDD-sata-1GB,DVD-Brenner
CT16G4DFD824A.C16FT - DIMM DDR4 Synchronous 2133 MHz (0.5 ns)-16GB,RAM-16GB-DDR4
ATA VTP1024GSSD1-SSD-sata-1024GB,SSD-1TB-2-5
hp HLDS hp HLDS DVDRW GUD0N-HDD-sata-1GB,DVD-Brenner
ATA Go-Infinity-SSD-ata-256GB,SSD-240GB-2-5
TSSTcorp TSSTcorp DVD-ROM SH-118BB-HDD-ata-1GB,DVD-Brenner
M471A1G44CB0-CWE - SODIMM DDR4 Synchronous Unbuffered (Unregistered) 2400 MHz (0.4 ns)-8GB,RAM-8GB-DDR4-SODIMM
ATA SSD 512-SSD-sata-512GB,SSD-512GB-2-5
M378A5143EB1-CPB - DIMM DDR4 Synchronous 2133 MHz (0.5 ns)-4GB,RAM-4GB-DDR4
HMA851U6CJR6N-UH - DIMM DDR4 Synchronous 2133 MHz (0.5 ns)-4GB,RAM-4GB-DDR4
TSSTcorp TSSTcorp DVD-ROM SH-116CB-HDD-sata-1GB,DVD-Brenner
,Nicht im WAWI
Intel(R) Core(TM) i5-3470 CPU @ 3.20GHz,CPU-i5-3470
hp hp CDDVDW TS-H653R-HDD-sata-1GB,DVD-Brenner
Intel(R) Core(TM) i7-4765T CPU @ 2.00GHz,CPU-i7-4765T
HMT41GS6BFR8A-PB - SODIMM DDR3 Synchronous 1600 MHz (0.6 ns)-8GB,RAM-8GB-DDR3-SODIMM
KN2M64-ETB - SODIMM DDR3 Synchronous 1600 MHz (0.6 ns)-8GB,RAM-8GB-DDR3-SODIMM
"ATA SSD_2.5""_TLC_1TB_InnovationIT-SSD-sata-1024GB",SSD-1TB-2-5
Intel(R) Core(TM) i5-7500T CPU @ 2.70GHz,CPU-i5-7500T
 - DIMM DDR4 Synchronous 2133 MHz (0.5 ns)-8GB,RAM-16GB-DDR4
ASUS ASUS DRW-24F1ST a-HDD-sata-1GB,DVD-Brenner
SSD FEHLT,Nicht im WAWI
INNO135978 - DIMM DDR4 Synchronous 2133 MHz (0.5 ns)-8GB,RAM-8GB-DDR4
ATAPI ATAPI iHAS120 D-HDD-sata-1GB,DVD-Brenner
CT8G4DFRA32A.C8FT - DIMM DDR4 Synchronous 2133 MHz (0.5 ns)-8GB,RAM-8GB-DDR4
hp hp DVD-RAM GHA3N-HDD-sata-1GB,DVD-Brenner
 - SODIMM DDR4 Synchronous Unbuffered (Unregistered) 2400 MHz (0.4 ns)-8GB,RAM-8GB-DDR4-SODIMM
CT16G4DFD824A.C16FR - DIMM DDR4 Synchronous Unbuffered (Unregistered) 2400 MHz (0.4 ns)-16GB,RAM-16GB-DDR4
TSSTcorp TSSTcorp CDDVDW SH-216FB-HDD-sata-1GB,DVD-Brenner
Intel(R) Core(TM) i5-4670 CPU @ 3.40GHz,CPU-i5-4570
DDR3 8GB 1600 - DIMM DDR3 Synchronous 1600 MHz (0.6 ns)-8GB,RAM-8GB-DDR3
ATA SSD 512G-SSD-sata-512GB,SSD-512GB-2-5
ATA SSD 256GB-SSD-sata-256GB,SSD-240GB-2-5
D3543-A1,Nicht im WAWI
Intel(R) Pentium(R) Silver J5005 CPU @ 1.50GHz,Nicht im WAWI
M471A5244CB0-CTD - SODIMM DDR4 Synchronous 2400 MHz (0.4 ns)-4GB,RAM-4GB-DDR4-SODIMM
Intel UHD 605,Nicht im WAWI
ATA SanDisk SD8SN8U-128G-1016-SSD-sata-128GB,JTL_ARTNR_M2SATA_SSD_128GB
S940-8-128,PC-S940
UltraV2Intel-ALT,PC-Ultra-V2-Intel
DT8G2666V.HTL0724 - DIMM DDR4 Synchronous 2133 MHz (0.5 ns)-8GB,RAM-8GB-DDR4
CT8G4DFRA32A.M8FR - DIMM DDR4 Synchronous 2133 MHz (0.5 ns)-8GB,RAM-8GB-DDR4
HL-DT-ST HL-DT-STDVD-RAM GH60N-HDD-sata-1GB,DVD-Brenner
CT16G4DFRA32A.M16FE - DIMM DDR4 Synchronous 3200 MHz (0.3 ns)-16GB,RAM-16GB-DDR4
MS-B0A81,Nicht im WAWI
12th Gen Intel(R) Core(TM) i5-1235U,Nicht im WAWI
M471A1G44CB0-CWE - SODIMM DDR4 Synchronous 3200 MHz (0.3 ns)-8GB,RAM-8GB-DDR4-SODIMM
MSI_Cubi_5-16-256_W,JTL_ARTNR_PC_MSI_Cubi_5-16-256
9905743-220.A00G - DIMM DDR4 Synchronous Unbuffered (Unregistered) 3200 MHz (0.3 ns)-16GB,RAM-16GB-DDR4
4ATF51264HZ-2G6E1 - SODIMM DDR4 Synchronous 2400 MHz (0.4 ns)-4GB,RAM-4GB-DDR4-SODIMM
ATA SAMSUNG MZNLN128HAHQ-00000-SSD-sata-128GB,JTL_ARTNR_M2SATA_SSD_128GB
M471A1K43CB1-CTD - SODIMM DDR4 Synchronous Unbuffered (Unregistered) 2400 MHz (0.4 ns)-8GB,RAM-8GB-DDR4-SODIMM
ATA SanDisk X400 M.2 2280 128GB-SSD-sata-128GB,JTL_ARTNR_M2SATA_SSD_128GB
Intel(R) Core(TM) i7-10700 CPU @ 2.90GHz,CPU-i7-10700
CT8G4DFRA32A.C8FT - DIMM DDR4 Synchronous 2933 MHz (0.3 ns)-8GB,RAM-8GB-DDR4
Intel UHD 630,Nicht im WAWI
RMR5030MN68F9F1600 - DIMM DDR3 Synchronous 1600 MHz (0.6 ns)-4GB,RAM-4GB-DDR3
9905584-023.A00LF - DIMM DDR3 Synchronous 1600 MHz (0.6 ns)-4GB,RAM-4GB-DDR3
RMR5030KD68F9F1600 - DIMM DDR3 Synchronous 1600 MHz (0.6 ns)-4GB,RAM-4GB-DDR3
ATA SSD 512GB-SSD-sata-512GB,SSD-512GB-2-5
D3403-U1,Nicht im WAWI
8ATF1G64HZ-2G3E1 - SODIMM DDR4 Synchronous Unbuffered (Unregistered) 2400 MHz (0.4 ns)-8GB,RAM-8GB-DDR4-SODIMM
30BE,Nicht im WAWI
ATAPI ATAPI DVD A DH16ABSH-HDD-sata-1GB,DVD-Brenner
COOLER_NANO_INTEL_1200,KUE-T-200
H470M-STX,PCL-Nano-Intel
M378B5773CH0-CK0 - DIMM DDR3 Synchronous 1600 MHz (0.6 ns)-2GB,RAM-2GB-DDR3
ATA 512GB SATA 2.5 SSD-SSD-ata-512GB,SSD-512GB-2-5
ATAPI ATAPI iHAS124 F-HDD-ata-1GB,DVD-Brenner
M378A1K43CB2-CRC - DIMM DDR4 Synchronous 2133 MHz (0.5 ns)-8GB,RAM-8GB-DDR4
DVD Laufwerk,DVD-Brenner
CT16G4DFRA32A.M16FE - DIMM DDR4 Synchronous 2933 MHz (0.3 ns)-16GB,RAM-16GB-DDR4
HMA851S6CJR6N-VK - SODIMM DDR4 Synchronous 2400 MHz (0.4 ns)-4GB,RAM-4GB-DDR4-SODIMM
ATA SAMSUNG MZNTY128HDHP-00000-SSD-sata-128GB,JTL_ARTNR_M2SATA_SSD_128GB
AMD Ryzen 5 4600G with Radeon Graphics,CPU-R5-4600G
INNO124205 - DIMM DDR4 Synchronous Unbuffered (Unregistered) 2667 MHz (0.4 ns)-8GB,RAM-8GB-DDR4
99U5471-057.A00LF - DIMM DDR3 Synchronous 1333 MHz (0.8 ns)-8GB,RAM-8GB-DDR3
99U5471-052.A00LF - DIMM DDR3 Synchronous 1333 MHz (0.8 ns)-8GB,RAM-8GB-DDR3
Intel(R) Core(TM) i7-4790S CPU @ 3.20GHz,CPU-i7-4790
M378B1G73QH0-YK0 - DIMM DDR3 Synchronous 1600 MHz (0.6 ns)-8GB,RAM-8GB-DDR3
ATA MicroFrom 256GB SATA3 SSD-SSD-sata-256GB,SSD-240GB-2-5
hp hp DVD A DH16ACSH-HDD-sata-0GB,DVD-Brenner
H610M-HDV/M.2 R2.0,MAB-H610M
X300M-STX,PCL-Nano-AMD
AMD Ryzen 5 5600G with Radeon Graphics,CPU-R5-5600G
M471A1G44CB0-CWE - SODIMM DDR4 Synchronous Unbuffered (Unregistered) 3200 MHz (0.3 ns)-8GB,RAM-8GB-DDR4-SODIMM
Nano_Pro_Intel,PC-Nano-Pro-Intel
F641GU97G1600G - DIMM DDR3 Synchronous 1600 MHz (0.6 ns)-8GB,RAM-8GB-DDR3
"ATA SSD_2.5""_TLC_240GB_InnovationIT-SSD-sata-240GB",SSD-240GB-2-5
INNO124308 - DIMM DDR4 Synchronous 3200 MHz (0.3 ns)-16GB,RAM-16GB-DDR4
MSI_Cubi_5-16-512_W,JTL_ARTNR_PC_MSI_Cubi_5-16-512
MK2PowerIntel-12,PC-MK2-Power-Intel
Intel(R) Core(TM) i5-10400 CPU @ 2.90GHz,CPU-i5-10400
HKED4081CAA1D0HA1 - DIMM DDR4 Synchronous 2667 MHz (0.4 ns)-8GB,RAM-8GB-DDR4
BasicV2Intel,PC-Basic-V2-Intel
MultiV2Intel_W,PC-Multi-V2-Intel
CT16G4DFRA32A.M8FF - DIMM DDR4 Synchronous 2133 MHz (0.5 ns)-16GB,RAM-16GB-DDR4
[Empty] - DIMM DDR3 Synchronous 1600 MHz (0.6 ns)-8GB,RAM-8GB-DDR3
SAMSUNG MZVLW256HEHP-000L7-SSD-nvme-256GB,SSD-M2-256GB
ATA Go-Infinity-SSD-sata-512GB,SSD-512GB-2-5
INTEL SSDPEKKF256G7L-SSD-nvme-256GB,SSD-M2-256GB
ATA Apacer AS340 240GB-SSD-sata-240GB,SSD-240GB-2-5
INNO135977 - DIMM DDR4 Synchronous Unbuffered (Unregistered) 3200 MHz (0.3 ns)-8GB,RAM-8GB-DDR4
SSD_M.2_PCIe3_512GB_InnovationIT-SSD-nvme-512GB,SSD-512GB-M2
HKED4081CAA1D0HA1 - DIMM DDR4 Synchronous Unbuffered (Unregistered) 2667 MHz (0.4 ns)-8GB,RAM-8GB-DDR4
V01L3LF8GB52852816 - DIMM DDR3 Synchronous 1600 MHz (0.6 ns)-8GB,RAM-8GB-DDR3
ATA SSD 256G-SSD-sata-256GB,SSD-240GB-2-5
ATA AGI1K0GIMAI238-SSD-sata-1024GB,SSD-1TB-2-5
M378B5273CH0-CK0 - DIMM DDR3 Synchronous 1600 MHz (0.6 ns)-4GB,RAM-4GB-DDR3
HMT451U6AFR8C-PB - DIMM DDR3 Synchronous 1600 MHz (0.6 ns)-4GB,RAM-4GB-DDR3
ATA SAMSUNG MZNLN128HAHQ-000H1-SSD-sata-128GB,JTL_ARTNR_M2SATA_SSD_128GB
ATA LITEON CV3-8D128-11 SATA 128GB-SSD-sata-128GB,JTL_ARTNR_M2SATA_SSD_128GB
HMT41GU7AFR8A-PB - DIMM DDR3 Synchronous 1600 MHz (0.6 ns)-8GB,RAM-8GB-DDR3
ATA 512GB SATA SSD-SSD-sata-512GB,SSD-512GB-2-5
ATA CT500BX500SSD1-SSD-sata-500GB,SSD-512GB-2-5
MK2ProAMD,PC-MK2-Pro-AMD
8ATF1G64AZ-2G6H1 - DIMM DDR4 Synchronous Unbuffered (Unregistered) 2667 MHz (0.4 ns)-8GB,RAM-8GB-DDR4
M900-16-512,PC-M900-i5
M378A1K43CB2-CRC - DIMM DDR4 Synchronous Unbuffered (Unregistered) 2400 MHz (0.4 ns)-8GB,RAM-8GB-DDR4
RMUA5110MH78HAF-2666 - DIMM DDR4 Synchronous Unbuffered (Unregistered) 2667 MHz (0.4 ns)-8GB,RAM-8GB-DDR4
HP26D4U9S8MD-8 - DIMM DDR4 Synchronous Unbuffered (Unregistered) 2667 MHz (0.4 ns)-8GB,RAM-8GB-DDR4
HMA81GU6CJR8N-VK - DIMM DDR4 Synchronous Unbuffered (Unregistered) 2667 MHz (0.4 ns)-8GB,RAM-8GB-DDR4
MK2ProIntel-12-D5,PC-MK2-Pro-Intel
H610M-H2/M.2 D5,MAB-H610M
CT16G56C46U5.M8G1 - DIMM Synchronous 5600 MHz (0.2 ns)-16GB,RAM-16GB-DDR5
ACR26D4U9S8ME-8 - DIMM DDR4 Synchronous Unbuffered (Unregistered) 2667 MHz (0.4 ns)-8GB,RAM-8GB-DDR4
HP24D4U7S8MD-8 - DIMM DDR4 Synchronous Unbuffered (Unregistered) 2400 MHz (0.4 ns)-8GB,RAM-8GB-DDR4
KIOXIA-EXCERIA G2 SSD-SSD-nvme-1000GB,SSD-M2-1TB
HMA81GU6DJR8N-VK - DIMM DDR4 Synchronous Unbuffered (Unregistered) 2667 MHz (0.4 ns)-8GB,RAM-8GB-DDR4
TEAM TM8FPD001T-SSD-nvme-1024GB,SSD-M2-1TB
CT16G4DFRA32A.M16FE - DIMM DDR4 Synchronous Unbuffered (Unregistered) 3200 MHz (0.3 ns)-16GB,RAM-16GB-DDR4
CT16G4DFRA32A.M8FF - DIMM DDR4 Synchronous Unbuffered (Unregistered) 3200 MHz (0.3 ns)-16GB,RAM-16GB-DDR4
W644GU44J2320NH - DIMM DDR4 Synchronous Unbuffered (Unregistered) 3200 MHz (0.3 ns)-32GB,RAM-32GB-DDR4
AGI1T0GIMAI298-SSD-nvme-1024GB,SSD-M2-1TB
8ATF2G64HZ-3G2F1 - SODIMM DDR4 Synchronous Unbuffered (Unregistered) 3200 MHz (0.3 ns)-16GB,RAM-16GB-DDR4-SODIMM
Nano_Pro_AMD,PC-Nano-Pro-AMD
CT16G4SFRA32A.C16FJ - SODIMM DDR4 Synchronous Unbuffered (Unregistered) 3200 MHz (0.3 ns)-16GB,RAM-16GB-DDR4-SODIMM
INTEL SSDPEKNW512G8H-SSD-nvme-512GB,SSD-512GB-M2
KBG50ZNV512G KIOXIA-SSD-nvme-512GB,SSD-512GB-M2
TEAMGROUP-UD4-3200 - DIMM DDR4 Synchronous 3200 MHz (0.3 ns)-16GB,RAM-16GB-DDR4
CT16G4DFRA32A.C16FT - DIMM DDR4 Synchronous Unbuffered (Unregistered) 3200 MHz (0.3 ns)-16GB,RAM-16GB-DDR4
SSD_M.2_PCIe3_1TB_InnovationIT-SSD-nvme-1024GB,SSD-M2-1TB
AGI512GIMAI298-SSD-nvme-512GB,SSD-512GB-M2
CT16G4DFRA32A.M8FF - DIMM DDR4 Synchronous 3200 MHz (0.3 ns)-16GB,RAM-16GB-DDR4
ATA ST1000DM003-1ER162-HDD-sata-1000GB,HDD-1TB-3-5
Lexar SSD NM710 1TB-SSD-nvme-1000GB,SSD-M2-1TB
8ATF2G64AZ-3G2E1 - DIMM DDR4 Synchronous Unbuffered (Unregistered) 3200 MHz (0.3 ns)-16GB,RAM-16GB-DDR4
9905701-132.A00G - DIMM DDR4 Synchronous Unbuffered (Unregistered) 2667 MHz (0.4 ns)-16GB,RAM-16GB-DDR4
ATA GB1000EAFJL-HDD-sata-1000GB,HDD-1TB-3-5
Lexar SSD NM620 1TB-SSD-nvme-1024GB,SSD-M2-1TB
9905702-431.A00G - DIMM DDR4 Synchronous Unbuffered (Unregistered) 3200 MHz (0.3 ns)-16GB,RAM-16GB-DDR4
9905702-431.A00G - DIMM DDR4 Synchronous 3200 MHz (0.3 ns)-16GB,RAM-16GB-DDR4
ATA ST1000DM010-2EP102-HDD-sata-1000GB,HDD-1TB-3-5
16JTF51264AZ-1G6M1 - DIMM DDR3 Synchronous 1600 MHz (0.6 ns)-4GB,RAM-4GB-DDR3
HMT451U6AFR8A-PB - DIMM DDR3 Synchronous 1600 MHz (0.6 ns)-4GB,RAM-4GB-DDR3
M378B5273DH0-CK0 - DIMM DDR3 Synchronous 1600 MHz (0.6 ns)-4GB,RAM-4GB-DDR3
HMT351U6CFR8C-PB - DIMM DDR3 Synchronous 1600 MHz (0.6 ns)-4GB,RAM-4GB-DDR3
HMT351U6CFR8C-H9 - DIMM DDR3 Synchronous 1333 MHz (0.8 ns)-4GB,RAM-4GB-DDR3
HMT351U7BFR8C-H9 - DIMM DDR3 Synchronous 1333 MHz (0.8 ns)-4GB,RAM-4GB-DDR3
SATA Kabel,KAB-SATA
STICKER_GREED_GRAU,STI-Grau
STICKER_GREED_BLAU,STI-Blau
STICKER_GREED_ROT,STI-Rot
STICKER_HYPERBYTE_GRAU,STI-HyperByte-Grau
STICKER_GREED_ORANGE,STI-Orange
NO_STICKER,Nicht im WAWI
STICKER_NANO_BLAU,JTL_ARTNR_STICKER_NANO_BLAU
STICKER_NANO_ROT,JTL_ARTNR_STICKER_NANO_ROT
STICKER_PBMxGREED,JTL_ARTNR_STICKER_PBMxGREED
 - DIMM DDR4 Synchronous 3200 MHz (0.3 ns)-16GB,RAM-16GB-DDR4
HMT451U6BFR8C-PB - DIMM DDR3 Synchronous 1600 MHz (0.6 ns)-4GB,RAM-4GB-DDR3
HMT451U6DFR8A-PB - DIMM DDR3 Synchronous 1600 MHz (0.6 ns)-4GB,RAM-4GB-DDR3
M378B5173EB0-CK0 - DIMM DDR3 Synchronous 1600 MHz (0.6 ns)-4GB,RAM-4GB-DDR3
KP4T2F-PSB - DIMM DDR3 Synchronous 1600 MHz (0.6 ns)-4GB,RAM-4GB-DDR3
M378B5173DB0-CK0 - DIMM DDR3 Synchronous 1600 MHz (0.6 ns)-4GB,RAM-4GB-DDR3
GR1600D364L11/8G - DIMM DDR3 Synchronous 1600 MHz (0.6 ns)-8GB,RAM-8GB-DDR3
W644GU44J2320NH - DIMM DDR4 Synchronous Unbuffered (Unregistered) 2667 MHz (0.4 ns)-32GB,RAM-32GB-DDR4
HMT41GS6BFR8A-PB - SODIMM DDR3 Synchronous 1333 MHz (0.8 ns)-8GB,RAM-8GB-DDR3-SODIMM
MultiV2Intel-GT730-i9,PC-Multi-V2-Intel
M471A5244CB0-CRC - SODIMM DDR4 Synchronous 2400 MHz (0.4 ns)-4GB,RAM-4GB-DDR4-SODIMM
ATA SK hynix SC311 SATA 128GB-SSD-sata-128GB,JTL_ARTNR_M2SATA_SSD_128GB
Intel(R) Core(TM) i5-4690 CPU @ 3.50GHz,CPU-i5-4570
NVIDIA GeForce RTX 5080,GRA-RTX5080
PRO H610M-G DDR4 (MS-7D46),MAB-H610M
12th Gen Intel(R) Core(TM) i5-12400F,CPU-i5-12400F
TEAMGROUP-UD4-3200 - DIMM DDR4 Synchronous 3200 MHz (0.3 ns)-8GB,RAM-16GB-DDR4
SMI 2263XT-SSD-nvme-512GB,SSD-512GB-M2
Kunden-PC,Nicht im WAWI
99U5471-058.A00LF - DIMM DDR3 Synchronous 1600 MHz (0.6 ns)-8GB,RAM-8GB-DDR3
16KTF1G64AZ-1G6P1 - DIMM DDR3 Synchronous 1600 MHz (0.6 ns)-8GB,RAM-8GB-DDR3
16KTF1G64AZ-1G9P1 - DIMM DDR3 Synchronous 1333 MHz (0.8 ns)-8GB,RAM-8GB-DDR3
1600DDAD3 - DIMM DDR3 Synchronous 1600 MHz (0.6 ns)-8GB,RAM-8GB-DDR3
GR1600D3V64L11/8G - DIMM DDR3 Synchronous 1600 MHz (0.6 ns)-8GB,RAM-8GB-DDR3
CASE_MSI_GAMING,GEH-Velox-100R
COOLER_LIQUID_240,KUE-WA-240-S
PSU_GAMING_MSI_900W,NET-1000W
B650M GAMING PLUS WIFI (MS-7E24),MAB-B650
AMD Ryzen 5 9600X 6-Core Processor,CPU-R5-9600X
6000 Series - DIMM Synchronous Unbuffered (Unregistered) 4800 MHz (0.2 ns)-16GB,RAM-16GB-DDR5
STORM-R5_96X_32_5080_W,JTL_ARTNR_PC_STORM-R5_96X_32_5080_W
99U5471-065.A00LF - DIMM DDR3 Synchronous 1600 MHz (0.6 ns)-8GB,RAM-8GB-DDR3
10B60009US,Nicht im WAWI
99U5403-160.A00LF - DIMM DDR3 Synchronous 1600 MHz (0.6 ns)-8GB,RAM-8GB-DDR3
99U5471-056.A00LF - DIMM DDR3 Synchronous 1600 MHz (0.6 ns)-8GB,RAM-8GB-DDR3
Intel(R) Core(TM) i7-10700K CPU @ 3.80GHz,CPU-i7-10700
CT16G4SFRA32A.C8FF - SODIMM DDR4 Synchronous 2933 MHz (0.3 ns)-16GB,RAM-16GB-DDR4-SODIMM
ATA TOSHIBA THNSNK256GVN8 M.2 2280 256GB-SSD-sata-256GB,SSD-256GB-M2
HMA81GS6JJR8N-VK - SODIMM DDR4 Synchronous Unbuffered (Unregistered) 2400 MHz (0.4 ns)-8GB,RAM-8GB-DDR4-SODIMM
Intel(R) Core(TM) i5-7400T CPU @ 2.40GHz,JTL_ARTNR_CPU_7400T
HMA81GS6CJR8N-VK - SODIMM DDR4 Synchronous Unbuffered (Unregistered) 2400 MHz (0.4 ns)-8GB,RAM-8GB-DDR4-SODIMM
M471A1K43DB1-CTD - SODIMM DDR4 Synchronous Unbuffered (Unregistered) 2400 MHz (0.4 ns)-8GB,RAM-8GB-DDR4-SODIMM
KHYXPX-MID - SODIMM DDR4 Synchronous Unbuffered (Unregistered) 2400 MHz (0.4 ns)-8GB,RAM-8GB-DDR4-SODIMM
SAMSUNG MZVLW256HEHP-000H1-SSD-nvme-256GB,SSD-M2-256GB
SAMSUNG MZVLB256HAHQ-000L7-SSD-nvme-256GB,SSD-M2-256GB
ATA SSD_M.2_256GB_InnovationIT-SSD-sata-256GB,SSD-256GB-M2
SK hynix BC711 HFM256GD3JX013N-SSD-nvme-256GB,SSD-M2-256GB
4ATF51264AZ-2G6E1 - DIMM DDR4 Synchronous 2133 MHz (0.5 ns)-4GB,RAM-4GB-DDR4
4ATF51264AZ-3G2R1 - DIMM DDR4 Synchronous 2133 MHz (0.5 ns)-4GB,RAM-4GB-DDR4
KHYXPX-MIE - SODIMM DDR4 Synchronous Unbuffered (Unregistered) 2400 MHz (0.4 ns)-8GB,RAM-8GB-DDR4-SODIMM
HP26D4S9S8HJ-8 - SODIMM DDR4 Synchronous Unbuffered (Unregistered) 2400 MHz (0.4 ns)-8GB,RAM-8GB-DDR4-SODIMM
HMA81GS6DJR8N-VK - SODIMM DDR4 Synchronous Unbuffered (Unregistered) 2400 MHz (0.4 ns)-8GB,RAM-8GB-DDR4-SODIMM
RMUA5120MB86H9F2400 - DIMM DDR4 Synchronous 2133 MHz (0.5 ns)-4GB,RAM-4GB-DDR4
4ATF51264AZ-2G3B1 - DIMM DDR4 Synchronous 2133 MHz (0.5 ns)-4GB,RAM-4GB-DDR4
8ATF1G64HZ-2G6E1 - SODIMM DDR4 Synchronous Unbuffered (Unregistered) 2400 MHz (0.4 ns)-8GB,RAM-8GB-DDR4-SODIMM
AO1P26KC8T1-BXPS - SODIMM DDR4 Synchronous Unbuffered (Unregistered) 2400 MHz (0.4 ns)-8GB,RAM-8GB-DDR4-SODIMM
RMSA3260ME78HAF-2666 - SODIMM DDR4 Synchronous Unbuffered (Unregistered) 2400 MHz (0.4 ns)-8GB,RAM-8GB-DDR4-SODIMM
8ATF1G64HZ-2G6H1 - SODIMM DDR4 Synchronous Unbuffered (Unregistered) 2400 MHz (0.4 ns)-8GB,RAM-8GB-DDR4-SODIMM
M378A1G43EB1-CPB - DIMM DDR4 Synchronous Unbuffered (Unregistered) 2133 MHz (0.5 ns)-8GB,RAM-8GB-DDR4
RMUA5110ME78HAF-2666 - DIMM DDR4 Synchronous Unbuffered (Unregistered) 2667 MHz (0.4 ns)-8GB,RAM-8GB-DDR4
8ATF1G64HZ-2G6J1 - SODIMM DDR4 Synchronous Unbuffered (Unregistered) 2400 MHz (0.4 ns)-8GB,RAM-8GB-DDR4-SODIMM
M378A1K43BB1-CPB - DIMM DDR4 Synchronous Unbuffered (Unregistered) 2133 MHz (0.5 ns)-8GB,RAM-8GB-DDR4
ASU16D3LU1KBG/8G - DIMM DDR3 Synchronous 1600 MHz (0.6 ns)-8GB,RAM-8GB-DDR3
HP698651-154-KEB - DIMM DDR3 Synchronous 1600 MHz (0.6 ns)-8GB,RAM-8GB-DDR3
M471A5143EB0-CPB - SODIMM DDR4 Synchronous 2133 MHz (0.5 ns)-4GB,RAM-4GB-DDR4-SODIMM
16ATF1G64HZ-2G1B1 - SODIMM DDR4 Synchronous Unbuffered (Unregistered) 2133 MHz (0.5 ns)-8GB,RAM-8GB-DDR4-SODIMM
ATA SAMSUNG SSD PM871b M.2 2280 128GB-SSD-sata-128GB,JTL_ARTNR_M2SATA_SSD_128GB
M471A5244CB0-CTD - SODIMM DDR4 Synchronous 2133 MHz (0.5 ns)-4GB,RAM-4GB-DDR4-SODIMM
ATA SanDisk X600 M.2 2280 SATA 128GB-SSD-sata-128GB,JTL_ARTNR_M2SATA_SSD_128GB
CT8G4DFRA32A.M8FR - DIMM DDR4 Synchronous Unbuffered (Unregistered) 3200 MHz (0.3 ns)-8GB,RAM-8GB-DDR4
M471A5244BB0-CRC - SODIMM DDR4 Synchronous 2400 MHz (0.4 ns)-4GB,RAM-4GB-DDR4-SODIMM
8ATF51264AZ-2G1A2 - DIMM DDR4 Synchronous 2133 MHz (0.5 ns)-4GB,RAM-4GB-DDR4
ATA SanDisk SD9SN8W-128G-1006-SSD-sata-128GB,JTL_ARTNR_M2SATA_SSD_128GB
HMA851S6AFR6N-UH - SODIMM DDR4 Synchronous 2400 MHz (0.4 ns)-4GB,RAM-4GB-DDR4-SODIMM
SOLIDIGM SSDPFKNU512GZ-SSD-nvme-512GB,SSD-512GB-M2
99U5471-062.A00LF - DIMM DDR3 Synchronous 1600 MHz (0.6 ns)-8GB,RAM-8GB-DDR3
CT1000P3SSD8-SSD-nvme-1000GB,SSD-M2-1TB
M378A2G43CB3-CWE - DIMM DDR4 Synchronous Unbuffered (Unregistered) 2667 MHz (0.4 ns)-16GB,RAM-16GB-DDR4
ATA SAMSUNG MZ7LN256HCHP-000L7-SSD-sata-256GB,SSD-240GB-2-5
ATA LITEON CV8-8E128-11 SATA 128GB-SSD-sata-128GB,JTL_ARTNR_M2SATA_SSD_128GB
4ATF51264HZ-2G6E1 - SODIMM DDR4 Synchronous 2133 MHz (0.5 ns)-4GB,RAM-4GB-DDR4-SODIMM
HP24D4U7S8MH-8 - DIMM DDR4 Synchronous Unbuffered (Unregistered) 2400 MHz (0.4 ns)-8GB,RAM-8GB-DDR4
ATA WDC WD10EURX-63UY4Y0-HDD-ata-1000GB,HDD-1TB-3-5
HL-DT-ST HL-DT-ST DVD-ROM DH50N-HDD-ata-1GB,DVD-Brenner
ATA SAMSUNG MZNLN128HCGR-00000-SSD-sata-128GB,JTL_ARTNR_M2SATA_SSD_128GB
ATA TOSHIBA THNSNK128GVN8-SSD-sata-128GB,JTL_ARTNR_M2SATA_SSD_128GB
4ATF51264HZ-2G3E1 - SODIMM DDR4 Synchronous 2400 MHz (0.4 ns)-4GB,RAM-4GB-DDR4-SODIMM
ATA SanDisk SD8SN8U-128G-1006-SSD-sata-128GB,JTL_ARTNR_M2SATA_SSD_128GB
ATA SK hynix SC300 M.2 2280 256GB-SSD-sata-256GB,SSD-256GB-M2
ATA CT1000BX500SSD1-SSD-ata-1000GB,SSD-1TB-2-5
TSSTcorp TSSTcorpCD/DVDW TS-H653L-HDD-ata-1GB,DVD-Brenner
ACR16D3LU1MNG/8G - DIMM DDR3 Synchronous 1600 MHz (0.6 ns)-8GB,RAM-8GB-DDR3
PSU_OTHER,JTL_ARTNR_PSU_OTHER
8ATF1G64AZ-2G3E1 - DIMM DDR4 Synchronous Unbuffered (Unregistered) 2400 MHz (0.4 ns)-8GB,RAM-8GB-DDR4
ATA TOSHIBA THNSNK128GVN8 M.2 2280 128GB-SSD-sata-128GB,JTL_ARTNR_M2SATA_SSD_128GB
INNO124308 - DIMM DDR4 Synchronous 2133 MHz (0.5 ns)-16GB,RAM-16GB-DDR4
KM0VW4-MIB - DIMM DDR4 Synchronous Unbuffered (Unregistered) 2400 MHz (0.4 ns)-8GB,RAM-8GB-DDR4
INNO124205 - DIMM DDR4 Synchronous Unbuffered (Unregistered) 3200 MHz (0.3 ns)-8GB,RAM-8GB-DDR4
M378A1K43CB2-CTD - DIMM DDR4 Synchronous Unbuffered (Unregistered) 2667 MHz (0.4 ns)-8GB,RAM-8GB-DDR4
HMA81GU6MFR8N-UH - DIMM DDR4 Synchronous Unbuffered (Unregistered) 2400 MHz (0.4 ns)-8GB,RAM-8GB-DDR4
HL-DT-ST HL-DT-ST DVD-RAM GHC0N-HDD-ata-1GB,DVD-Brenner
8ATF1G64HZ-2G6D1 - SODIMM DDR4 Synchronous Unbuffered (Unregistered) 2400 MHz (0.4 ns)-8GB,RAM-8GB-DDR4-SODIMM
ATA SAMSUNG SSD PM871 M.2 2280 256GB SED-SSD-sata-256GB,SSD-256GB-M2
AMD Ryzen 7 7800X3D 8-Core Processor,CPU-R7-7800X3D
KF556C40-32 - DIMM Synchronous Unbuffered (Unregistered) 4800 MHz (0.2 ns)-32GB,RAM-32GB-DDR5
INNO135978 - DIMM DDR4 Synchronous 2667 MHz (0.4 ns)-8GB,RAM-8GB-DDR4
INNO135977 - DIMM DDR4 Synchronous 2667 MHz (0.4 ns)-8GB,RAM-8GB-DDR4
4ATF51264AZ-2G3E1 - DIMM DDR4 Synchronous 2133 MHz (0.5 ns)-4GB,RAM-4GB-DDR4
VC17 240717 - DIMM DDR3 Synchronous 1600 MHz (0.6 ns)-8GB,RAM-8GB-DDR3
Intel(R) Core(TM) i7-10700F CPU @ 2.90GHz,CPU-i7-10700F
NVIDIA GeForce RTX 3050,GRA-RTX3050
8ATF1G64AZ-2G6E1 - DIMM DDR4 Synchronous 2667 MHz (0.4 ns)-8GB,RAM-8GB-DDR4
16ATF1G64HZ-2G1A2 - SODIMM DDR4 Synchronous Unbuffered (Unregistered) 2133 MHz (0.5 ns)-8GB,RAM-8GB-DDR4-SODIMM
CT8G4DFRA32A.C8FT - DIMM DDR4 Synchronous 2667 MHz (0.4 ns)-8GB,RAM-8GB-DDR4
SK hynix BC901 HFS512GEJ9X108N-SSD-nvme-512GB,SSD-512GB-M2
HMA41GS6AFR8N-TF - SODIMM DDR4 Synchronous Unbuffered (Unregistered) 2133 MHz (0.5 ns)-8GB,RAM-8GB-DDR4-SODIMM
H610M K DDR4,MAB-H610M
 - DIMM DDR4 Synchronous 2667 MHz (0.4 ns)-16GB,RAM-16GB-DDR4
CT16G4DFD824A.C16FT - DIMM DDR4 Synchronous 2400 MHz (0.4 ns)-16GB,RAM-16GB-DDR4
CT16G4DFD824A.C16FR - DIMM DDR4 Synchronous 2400 MHz (0.4 ns)-16GB,RAM-16GB-DDR4
Intel(R) Core(TM) i5-10400F CPU @ 2.90GHz,CPU-i5-10400F
INNO124205 - DIMM DDR4 Synchronous 2667 MHz (0.4 ns)-8GB,RAM-8GB-DDR4
SSD_M.2_PCIe4_1TB_InnovationIT-SSD-nvme-1024GB,SSD-M2-1TB
HP26D4S9S8ME-8 - SODIMM DDR4 Synchronous Unbuffered (Unregistered) 2400 MHz (0.4 ns)-8GB,RAM-8GB-DDR4-SODIMM
Intel ARC A380,GRA-ARC380-6GB
AGI320016UD138 - DIMM DDR4 Synchronous 3200 MHz (0.3 ns)-16GB,RAM-16GB-DDR4
9905702-431.A00G - DIMM DDR4 Synchronous 2933 MHz (0.3 ns)-16GB,RAM-16GB-DDR4
Intel(R) Core(TM) i5-7500 CPU @ 3.40GHz,CPU-i5-7500
Nano_Intel,PC-Nano-Intel
Nano_AMD,PC-Nano-AMD
Nano_Plus_Intel,PC-Nano-Plus-Intel
Nano_Plus_AMD,PC-Nano-Plus-AMD
MultiV2Intel,PC-Multi-V2-Intel
MultiV2AMD,PC-Multi-V2-AMD
UltraV2Intel-GT730-10,PC-Ultra-V2-Intel
UltraV2Intel-GT730-11,PC-Ultra-V2-Intel
WD PC SN740 SDDPNQD-512G-1002-SSD-nvme-512GB,SSD-512GB-M2
99U5471-040.A00LF - DIMM DDR3 Synchronous 1333 MHz (0.8 ns)-8GB,RAM-8GB-DDR3
9905471-061.A00LF - DIMM DDR3 Synchronous 1333 MHz (0.8 ns)-8GB,RAM-8GB-DDR3
W644GU44J2320NH - DIMM DDR4 Synchronous 2933 MHz (0.3 ns)-32GB,RAM-32GB-DDR4
M471A1K43BB0-CPB - SODIMM DDR4 Synchronous Unbuffered (Unregistered) 2133 MHz (0.5 ns)-8GB,RAM-8GB-DDR4-SODIMM
ATA Valuetech Pro 512GB-SSD-sata-500GB,SSD-512GB-2-5
INNO135977 - DIMM DDR4 Synchronous 3200 MHz (0.3 ns)-8GB,RAM-8GB-DDR4
W644GU44J2320NH - DIMM DDR4 Synchronous 2133 MHz (0.5 ns)-32GB,RAM-32GB-DDR4
PBM_5080_Intel_MM ,PC-PBM_5080_Intel_MM 
MAG Z790 TOMAHAWK MAX WIFI (MS-7E25),MAB-Z790-TOMAHAWK
Intel(R) Core(TM) i7-14700KF,CPU-i7-14700KF
6000 Series - DIMM Synchronous 4400 MHz (0.2 ns)-16GB,RAM-16GB-DDR5
KINGSTON SNV3S2000G-SSD-nvme-2000GB,SSD-M2-2TB
LIQUID_240,KUE-WA-240-S
MSI_1000W,NET-1000W-MSI
MSI_GAMING_BLACK,GEH-MSI-Midi-MAG-Velox
MK2BasicIntel,PC-MK2-Basic-Intel
B760 GAMING PLUS WIFI (MS-7D98),MAB-B760-Gaming-Plus-WIFI
GREED_SNOW_W,PC-GREED_SNOW
B650 GAMING PLUS WIFI (MS-7E26),MAB-B650-Gaming-Plus-WIFI
CT16G56C46U5.M8G1 - DIMM Synchronous Unbuffered (Unregistered) 5600 MHz (0.2 ns)-16GB,RAM-16GB-DDR5
NVIDIA GeForce RTX 4060 Ti + AMD Integrated,GRA-RTX4060TI
GREED_STORM_W,PC-GREED_STORM
MS-15K1,Nicht im WAWI
12th Gen Intel(R) Core(TM) i5-12450H,Nicht im WAWI
M425R1GB4BB0-CWMOD - SODIMM Synchronous 5600 MHz (0.2 ns)-8GB,RAM-8GB-DDR5-SODIMM
NVIDIA GeForce RTX 4060 Mobile,Nicht im WAWI
MSI_Cyborg_15-16-1T_W,PC-MSI_Cyborg_15-16-1T_W
"ATA SSD_2.5""_512GB_InnovationIT_QLC-SSD-ata-512GB",SSD-512GB-2-5
TSSTcorp TSSTcorp DVD-ROM SH-116BB-HDD-ata-1GB,DVD-Brenner
ATA MicroFrom 512GB SATA3 SSD-SSD-ata-512GB,SSD-512GB-2-5
Intel(R) Core(TM) i7-3770S CPU @ 3.10GHz,CPU-i7-3770
ATA Micron_1100_MTFDDAK512TBN-SSD-sata-512GB,SSD-512GB-2-5
ATA MKNSSDEL1TB-SSD-sata-1000GB,SSD-1TB-2-5
HB-Basic-i7,PC-HB-Basic
TEAMGROUP-UD4-3200 - DIMM DDR4 Synchronous Unbuffered (Unregistered) 3200 MHz (0.3 ns)-16GB,RAM-16GB-DDR4
FIKWOT FN501 Pro 1TB-SSD-nvme-1024GB,SSD-M2-1TB
Intel(R) Core(TM) i7-4785T CPU @ 2.20GHz,Nicht im WAWI
ATA SE801 1TB-SSD-sata-1024GB,SSD-1TB-2-5
M83Tiny-16-1T-i7_W,PC-M83-Tiny-i7
HB-Basic-4,PC-HB-Basic
HB-Ultra-4,PC-HB-Ultra
HB-Multi-4,PC-HB-Multi
16_24_PIN_ADAPTER,ADAP-Stromkabeladapter-16-auf-24
M471B1G73DB0-YK0 - SODIMM DDR3 Synchronous 1600 MHz (0.6 ns)-8GB,RAM-8GB-DDR3-SODIMM
16KTF1G64HZ-1G6N1 - SODIMM DDR3 Synchronous 1600 MHz (0.6 ns)-8GB,RAM-8GB-DDR3-SODIMM
ATA TEAM T253512GB-SSD-ata-512GB,SSD-512GB-2-5
Optiarc Optiarc DVD RW AD-7250H-HDD-ata-1GB,DVD-Brenner
Intel(R) Core(TM) i5-4570S CPU @ 2.90GHz,CPU-i5-4570
ATA TEAM T253512GB-SSD-sata-512GB,SSD-512GB-2-5
M471B1G73QH0-YK0 - SODIMM DDR3 Synchronous 1600 MHz (0.6 ns)-8GB,RAM-4GB-DDR4-SODIMM
M471B1G73QHO-YK0 - SODIMM DDR3 Synchronous 1600 MHz (0.6 ns)-8GB,RAM-4GB-DDR4-SODIMM
M4U16S682QMMM52-12 - DIMM DDR4 Synchronous 2933 MHz (0.3 ns)-16GB,RAM-16GB-DDR4
MK2Intel_4060-13,PC-MK2-Intel
M93AMZ_16_512_W,PC-M73
INNO124308 - DIMM DDR4 Synchronous 2933 MHz (0.3 ns)-16GB,RAM-16GB-DDR4
STICKER_PBM_GREED,STI-Schwarz
CT8G4DFRA32A.C8FT - DIMM DDR4 Synchronous 3200 MHz (0.3 ns)-8GB,RAM-8GB-DDR4
Intel(R) Core(TM) i5-4570T CPU @ 2.90GHz,CPU-i5-4570
CT102464BD160B.C16 - DIMM DDR3 Synchronous 1600 MHz (0.6 ns)-8GB,RAM-8GB-DDR3
CT102464BD160B.M16 - DIMM DDR3 Synchronous 1600 MHz (0.6 ns)-8GB,RAM-8GB-DDR3
Intel(R) Core(TM) i5-6400 CPU @ 2.70GHz,CPU-i5-6500
Intel(R) Core(TM) i7-4790K CPU @ 4.00GHz,CPU-i7-4790
RMR5030ME68F9F1600 - DIMM DDR3 Synchronous 1600 MHz (0.6 ns)-4GB,RAM-4GB-DDR3
HP24D4S7S8MBP-8 - SODIMM DDR4 Synchronous Unbuffered (Unregistered) 2400 MHz (0.4 ns)-8GB,RAM-8GB-DDR4-SODIMM
8JTF51264AZ-1G6E1 - DIMM DDR3 Synchronous 1600 MHz (0.6 ns)-4GB,RAM-4GB-DDR3
8ATF1G64HZ-2G3H1R - SODIMM DDR4 Synchronous Unbuffered (Unregistered) 2400 MHz (0.4 ns)-8GB,RAM-8GB-DDR4-SODIMM
HMA81GS6MFR8N-UH - SODIMM DDR4 Synchronous Unbuffered (Unregistered) 2400 MHz (0.4 ns)-8GB,RAM-8GB-DDR4-SODIMM
8KTF51264AZ-1G6E1 - DIMM DDR3 Synchronous 1600 MHz (0.6 ns)-4GB,RAM-4GB-DDR3
8KTF51264AZ-1G6P1 - DIMM DDR3 Synchronous 1600 MHz (0.6 ns)-4GB,RAM-4GB-DDR3
KMKYF9-MID - SODIMM DDR4 Synchronous Unbuffered (Unregistered) 2400 MHz (0.4 ns)-8GB,RAM-8GB-DDR4-SODIMM
HP698650-154-KEB - DIMM DDR3 Synchronous 1600 MHz (0.6 ns)-4GB,RAM-4GB-DDR3
RMR5030EF68F9W1600 - DIMM DDR3 Synchronous 1600 MHz (0.6 ns)-4GB,RAM-4GB-DDR3
HMT351U6EFR8C-PB - DIMM DDR3 Synchronous 1600 MHz (0.6 ns)-4GB,RAM-4GB-DDR3
RMR5030KE68F9F1600 - DIMM DDR3 Synchronous 1600 MHz (0.6 ns)-4GB,RAM-4GB-DDR3
RMR5040ED58E9W1600 - DIMM DDR3 Synchronous 1600 MHz (0.6 ns)-4GB,RAM-4GB-DDR3
M471A1K43BB1-CRC - SODIMM DDR4 Synchronous Unbuffered (Unregistered) 2400 MHz (0.4 ns)-8GB,RAM-8GB-DDR4-SODIMM
KMKYF9-MIH - SODIMM DDR4 Synchronous Unbuffered (Unregistered) 2400 MHz (0.4 ns)-8GB,RAM-8GB-DDR4-SODIMM
M378B5173EB0-YK0 - DIMM DDR3 Synchronous 1600 MHz (0.6 ns)-4GB,RAM-4GB-DDR3
ACR24D4S7S8MB-8 - SODIMM DDR4 Synchronous Unbuffered (Unregistered) 2400 MHz (0.4 ns)-8GB,RAM-8GB-DDR4-SODIMM
TEAMGROUP-SD4-3200 - SODIMM DDR4 Synchronous 2933 MHz (0.3 ns)-16GB,RAM-16GB-DDR4-SODIMM
K531R8-HYA - DIMM DDR3 Synchronous 1600 MHz (0.6 ns)-4GB,RAM-4GB-DDR3
NT4GC64B88B1NF-DI - DIMM DDR3 Synchronous 1600 MHz (0.6 ns)-4GB,RAM-4GB-DDR3
HMA81GS6CJR8N-UH - SODIMM DDR4 Synchronous Unbuffered (Unregistered) 2400 MHz (0.4 ns)-8GB,RAM-8GB-DDR4-SODIMM
CT16G4DFRA32A.C16FR - DIMM DDR4 Synchronous 2933 MHz (0.3 ns)-16GB,RAM-16GB-DDR4
8ATF1G64HZ-2G3H1 - SODIMM DDR4 Synchronous Unbuffered (Unregistered) 2400 MHz (0.4 ns)-8GB,RAM-8GB-DDR4-SODIMM
MSI_VELOX_100,GEH-Velox-100R
PRO H610M-E DDR4 (MS-7D48),MAB-H610M
MSI_MAG_A750L,NET-750W-MSI
KF556C36-16 - DIMM Synchronous Unbuffered (Unregistered) 4800 MHz (0.2 ns)-16GB,RAM-16GB-DDR5
NVIDIA GeForce RTX 5070 Ti,GRA-RTX-5070TI
13th Gen Intel(R) Core(TM) i7-13700F,CPU-i7-13700F
CT16G4DFRA32A.C8FF - DIMM DDR4 Synchronous 3200 MHz (0.3 ns)-16GB,RAM-16GB-DDR4
H610M-HVS/M.2 R2.0,MAB-H610M
AMD Ryzen 5 7520U with Radeon Graphics,Nicht im WAWI
MT62F1G32D4DR-031 WT - Row of chips Synchronous Unbuffered (Unregistered) 5500 MHz (0.2 ns)-4GB,Nicht im WAWI
SKHynix_HFS512GEJ4X112N-SSD-nvme-512GB,SSD-512GB-M2
SOLIDIGM SSDPFKNU512GZH-SSD-nvme-512GB,SSD-512GB-M2
KINGSTON SNV3S4000G-SSD-nvme-4000GB,SSD-M2-4TB
ATA WD Blue SA510 2.5 1000GB-SSD-ata-1000GB,SSD-1TB-2-5
99U5428-018.A00LF - SODIMM DDR3 Synchronous 1600 MHz (0.6 ns)-8GB,RAM-8GB-DDR3-SODIMM
HMA41GU6AFR8N-TF - DIMM DDR4 Synchronous 2133 MHz (0.5 ns)-8GB,RAM-8GB-DDR4
HMA81GU6AFR8N-UH - DIMM DDR4 Synchronous 2133 MHz (0.5 ns)-8GB,RAM-8GB-DDR4
CASE_MSI_PZ_WHITE,GEH-MSI-Midi-MAG-Pano-White
INNO125155 - DIMM DDR4 Synchronous 2667 MHz (0.4 ns)-16GB,RAM-16GB-DDR4
M4U16S682QMMM52-12 - DIMM DDR4 Synchronous Unbuffered (Unregistered) 3200 MHz (0.3 ns)-16GB,RAM-16GB-DDR4
9905743-220.A00G - DIMM DDR4 Synchronous Unbuffered (Unregistered) 2667 MHz (0.4 ns)-16GB,RAM-16GB-DDR4
RMUA5110MH78HAF-2666 - DIMM DDR4 Synchronous 2133 MHz (0.5 ns)-8GB,RAM-8GB-DDR4
1600DDBD3 - SODIMM DDR3 Synchronous 1600 MHz (0.6 ns)-8GB,RAM-8GB-DDR3-SODIMM
99U5471-020.A00LF - DIMM DDR3 Synchronous 1333 MHz (0.8 ns)-4GB,RAM-4GB-DDR3
99U5471-012.A00LF - DIMM DDR3 Synchronous 1333 MHz (0.8 ns)-4GB,RAM-4GB-DDR3
ATA CTSSD512S6-SSD-sata-512GB,SSD-512GB-2-5
S939A2SGS-ITR - SODIMM DDR3 Synchronous 1600 MHz (0.6 ns)-8GB,RAM-8GB-DDR3-SODIMM
M471B1G73EB0-YK0 - SODIMM DDR3 Synchronous 1600 MHz (0.6 ns)-8GB,RAM-8GB-DDR3-SODIMM
PLDS PLDS DVD-RW DH16AESH-HDD-ata-1GB,DVD-Brenner
F641GU67G1600G - DIMM DDR3 Synchronous 1600 MHz (0.6 ns)-8GB,RAM-8GB-DDR3
PSU_GAMING_MSI_1000W,NET-1000W
H510M-A PRO (MS-7D22),MAB-H510M
MD16GSD42666-SI - DIMM DDR4 Synchronous 2667 MHz (0.4 ns)-16GB,RAM-16GB-DDR4
M4U16S682QMMM52-12 - DIMM DDR4 Synchronous 3200 MHz (0.3 ns)-16GB,RAM-16GB-DDR4
HL-DT-ST HL-DT-ST DVD-RAM GSA-H60L-HDD-ata-1GB,DVD-Brenner
CT16G4SFRA32A.C16FT - SODIMM DDR4 Synchronous 2933 MHz (0.3 ns)-16GB,RAM-16GB-DDR4-SODIMM
CT16G4DFRA32A.C16FT - DIMM DDR4 Synchronous 2933 MHz (0.3 ns)-16GB,RAM-16GB-DDR4
CT16G4DFRA32A.C8FF - DIMM DDR4 Synchronous Unbuffered (Unregistered) 3200 MHz (0.3 ns)-16GB,RAM-16GB-DDR4
HP26D4U9S8ME-8 - DIMM DDR4 Synchronous 2667 MHz (0.4 ns)-8GB,RAM-8GB-DDR4
INTEL SSDPEKNW512G8-SSD-nvme-512GB,SSD-512GB-M2
M378A1K43CB2-CRC - DIMM DDR4 Synchronous 2400 MHz (0.4 ns)-8GB,RAM-8GB-DDR4
1600DDBD3 - DIMM DDR3 Synchronous 1600 MHz (0.6 ns)-8GB,RAM-8GB-DDR3
hp hp CDDVDW SH-216BB-HDD-ata-1GB,DVD-Brenner
INNO125361 - SODIMM DDR4 Synchronous Unbuffered (Unregistered) 2400 MHz (0.4 ns)-8GB,RAM-8GB-DDR4-SODIMM
9905584-027.A00LF - DIMM DDR3 Synchronous 1600 MHz (0.6 ns)-4GB,RAM-4GB-DDR3
Optiarc Optiarc DVD RW AD-5280S-HDD-ata-1GB,DVD-Brenner
"ATA SSD_2.5""_256GB_InnovationIT_QLC-SSD-sata-256GB",SSD-240GB-2-5
W642GU44J2320NN - DIMM DDR4 Synchronous 3200 MHz (0.3 ns)-16GB,RAM-16GB-DDR4
hp hp DVD-RAM GH40L-HDD-ata-1GB,DVD-Brenner
M471A1G43DB0-CPB - SODIMM DDR4 Synchronous Unbuffered (Unregistered) 2133 MHz (0.5 ns)-8GB,RAM-8GB-DDR4-SODIMM
KF1600NDBD3 - SODIMM DDR3 Synchronous 1600 MHz (0.6 ns)-8GB,RAM-8GB-DDR3-SODIMM
HL-DT-ST HL-DT-ST DVDRAM GHA2N-HDD-ata-1GB,DVD-Brenner
MT62F2G32D8DR-031 WT - Row of chips Synchronous Unbuffered (Unregistered) 5500 MHz (0.2 ns)-8GB,Nicht im WAWI
WD PC SN740 SDDPMQD-512G-1101-SSD-nvme-512GB,SSD-512GB-M2
Intel(R) Core(TM) i7-2600 CPU @ 3.40GHz,CPU-i7-2600
HMT41GU6DFR8A-PB - DIMM DDR3 Synchronous 1333 MHz (0.8 ns)-8GB,RAM-8GB-DDR3
KF556C36-16 - DIMM Synchronous 4800 MHz (0.2 ns)-16GB,RAM-16GB-DDR5
hp hp DVD A DH16ACSHR-HDD-ata-1GB,DVD-Brenner
ATA AGI1K0GIMAI238-SSD-ata-1024GB,SSD-1TB-2-5
hp hp CDDVDW SH-216ALN-HDD-ata-1GB,DVD-Brenner
8ATF1G64AZ-2G3B1 - DIMM DDR4 Synchronous Unbuffered (Unregistered) 2400 MHz (0.4 ns)-8GB,RAM-8GB-DDR4
8ATF1G64AZ-2G6E1 - DIMM DDR4 Synchronous Unbuffered (Unregistered) 2667 MHz (0.4 ns)-8GB,RAM-8GB-DDR4
9905702-427.A00G - DIMM DDR4 Synchronous Unbuffered (Unregistered) 2667 MHz (0.4 ns)-8GB,RAM-8GB-DDR4
B650M PROJECT ZERO (MS-7E09),MAB-B650-PZ
COOLER_LIQUID_240_BLACK,KUE-WA-240-S
M378A2G43CB3-CWE - DIMM DDR4 Synchronous 2667 MHz (0.4 ns)-16GB,RAM-16GB-DDR4
MK5_Power_Intel_W,PC-MKV-Power-Intel
MK5_Power_AMD,PC-MKV-Power-AMD
MK2PowerIntel-13,PC-MK2-Power-Intel
MK5_AMD_5070TI_LEXI_W,Nicht im WAWI
8ATF1G64AZ-2G3H1 - DIMM DDR4 Synchronous Unbuffered (Unregistered) 2400 MHz (0.4 ns)-8GB,RAM-8GB-DDR4
BasicV2Intel-GT730,PC-Basic-V2-Intel
M83Tiny-16-512,PC-M83-Tiny-i5
AGI320016SD138 - SODIMM DDR4 Synchronous 2933 MHz (0.3 ns)-16GB,RAM-16GB-DDR4-SODIMM
W641GU48J7240ND - DIMM DDR4 Synchronous Unbuffered (Unregistered) 2400 MHz (0.4 ns)-8GB,RAM-8GB-DDR4
M378A1K43BB2-CRC - DIMM DDR4 Synchronous Unbuffered (Unregistered) 2400 MHz (0.4 ns)-8GB,RAM-8GB-DDR4
MK5_Power_AMD_W,PC-MKV-Power-AMD
V15G4-8-512-R5_W,Nicht im WAWI
UltraV2Intel-GT730-13,PC-Ultra-V2-Intel
HMT41GS6AFR8A-PB - SODIMM DDR3 Synchronous 1600 MHz (0.6 ns)-8GB,RAM-8GB-DDR3-SODIMM
Samsung SSD 970 EVO Plus 500GB-SSD-nvme-500GB,SSD-512GB-M2
1600NDBD3 - SODIMM DDR3 Synchronous 1600 MHz (0.6 ns)-8GB,RAM-8GB-DDR3-SODIMM
16KTF1G64HZ-1G6E2 - SODIMM DDR3 Synchronous 1600 MHz (0.6 ns)-8GB,RAM-8GB-DDR3-SODIMM
CT102464BF160B.M16 - SODIMM DDR3 Synchronous 1600 MHz (0.6 ns)-8GB,RAM-8GB-DDR3-SODIMM
CT102464BF160B.C16 - SODIMM DDR3 Synchronous 1600 MHz (0.6 ns)-8GB,RAM-8GB-DDR3-SODIMM
TSSTcorp TSSTcorp DVD+/-RW TS-H653G-HDD-ata-1GB,DVD-Brenner
KT8GS3EDF - SODIMM DDR3 Synchronous 1600 MHz (0.6 ns)-8GB,RAM-8GB-DDR3-SODIMM
M378A1K43BB2-CRC - DIMM DDR4 Synchronous Unbuffered (Unregistered) 2133 MHz (0.5 ns)-8GB,RAM-8GB-DDR4
M378A1G43DB0-CPB - DIMM DDR4 Synchronous Unbuffered (Unregistered) 2133 MHz (0.5 ns)-8GB,RAM-8GB-DDR4
M83Tiny-16-512-i7_W,PC-M83-Tiny-i5
ATA Verbatim Vi560 S3-SSD-sata-1024GB,SSD-1TB-2-5
"ATA SSD_2.5""_TLC_1TB_InnovationIT-SSD-ata-1024GB",SSD-1TB-2-5
"ATA SSD_2.5""_TLC_512GB_InnovationIT-SSD-ata-512GB",SSD-512GB-2-5
hp hp CDDVDW TS-H653T-HDD-ata-1GB,DVD-Brenner
MK5_Intel_W,PC-MKV-Intel
MSI_MAG_240,KUE-WA-240-S
NVIDIA GeForce RTX 5070,GRA-RTX-5070
ATA TOSHIBA DT01ACA100-HDD-sata-1000GB,HDD-1TB-3-5
BIOSUPDATE,Nicht im WAWI
Intel(R) Core(TM) i3-4130 CPU @ 3.40GHz,CPU-i3-4130
HMA81GU6JJR8N-VK - DIMM DDR4 Synchronous Unbuffered (Unregistered) 2667 MHz (0.4 ns)-8GB,RAM-8GB-DDR4
16ATF2G64AZ-3G2E1 - DIMM DDR4 Synchronous Unbuffered (Unregistered) 3200 MHz (0.3 ns)-16GB,RAM-16GB-DDR4
MK5_PRO_AMD-5090,Nicht im WAWI
MK5_PRO_AMD-5090_W,Nicht im WAWI
NVIDIA GeForce RTX 5090,GRA-RTX5090
H310CM-DVS,MAB-H310
Intel(R) Core(TM) i7-8700 CPU @ 3.20GHz,CPU-i7-8700
Intel Corporation CoffeeLake-S GT2 [UHD Graphics 630],Nicht im WAWI
HP26D4U9S8ME-8 - DIMM DDR4 Synchronous Unbuffered (Unregistered) 2667 MHz (0.4 ns)-8GB,RAM-8GB-DDR4
Ultra7-8,PC-Ultra-7
Patriot M.2 P300 512GB-SSD-nvme-512GB,SSD-512GB-M2
M378A1K43CB2-CRC - DIMM DDR4 Synchronous Unbuffered (Unregistered) 2133 MHz (0.5 ns)-8GB,RAM-8GB-DDR4
Intel integrated,Nicht im WAWI
9905702-010.A00G - DIMM DDR4 Synchronous Unbuffered (Unregistered) 2400 MHz (0.4 ns)-8GB,RAM-8GB-DDR4
CT8G4DFRA32A.M8FR - DIMM DDR4 Synchronous Unbuffered (Unregistered) 2400 MHz (0.4 ns)-8GB,RAM-8GB-DDR4
K531R8-ETB - DIMM DDR3 Synchronous 1600 MHz (0.6 ns)-4GB,RAM-4GB-DDR3
99U5702-095.A00G - DIMM DDR4 Synchronous Unbuffered (Unregistered) 2667 MHz (0.4 ns)-8GB,RAM-8GB-DDR4
9905702-136.A00G - DIMM DDR4 Synchronous Unbuffered (Unregistered) 2667 MHz (0.4 ns)-8GB,RAM-8GB-DDR4
9905702-022.A00G - DIMM DDR4 Synchronous Unbuffered (Unregistered) 2667 MHz (0.4 ns)-8GB,RAM-8GB-DDR4
99U5702-101.A00G - DIMM DDR4 Synchronous Unbuffered (Unregistered) 2667 MHz (0.4 ns)-8GB,RAM-8GB-DDR4
99U5702-089.A00G - DIMM DDR4 Synchronous Unbuffered (Unregistered) 2667 MHz (0.4 ns)-8GB,RAM-8GB-DDR4
9905702-120.A00G - DIMM DDR4 Synchronous Unbuffered (Unregistered) 2667 MHz (0.4 ns)-8GB,RAM-8GB-DDR4
M378A5244CB0-CRC - DIMM DDR4 Synchronous 2400 MHz (0.4 ns)-4GB,RAM-4GB-DDR4
HMA82GU6CJR8N-VK - DIMM DDR4 Synchronous Unbuffered (Unregistered) 2667 MHz (0.4 ns)-16GB,RAM-16GB-DDR4
M391A2K43BB1-CTD - DIMM DDR4 Synchronous Unbuffered (Unregistered) 2667 MHz (0.4 ns)-16GB,RAM-16GB-DDR4
KY7N41-MID - DIMM DDR4 Synchronous Unbuffered (Unregistered) 2667 MHz (0.4 ns)-8GB,RAM-8GB-DDR4
M378A2K43DB1-CTD - DIMM DDR4 Synchronous Unbuffered (Unregistered) 2667 MHz (0.4 ns)-16GB,RAM-16GB-DDR4
M378A2K43DB1-CTD - DIMM DDR4 Synchronous Unbuffered (Unregistered) 2667 MHz (0.4 ns)-16GB,RAM-16GB-DDR4
9905702-082.A00G - DIMM DDR4 Synchronous Unbuffered (Unregistered) 2667 MHz (0.4 ns)-8GB,RAM-8GB-DDR4
MK5_Pro_AMD_W,PC-MKV-Pro-AMD
MK5_Pro_AMD,PC-MKV-Pro-AMD
M378A5143EB2-CRC - DIMM DDR4 Synchronous 2400 MHz (0.4 ns)-4GB,RAM-4GB-DDR4
ATAPI ATAPI iHAS124 W-HDD-ata-1GB,DVD-Brenner
ATA MicroFrom 256GB SATA3 SSD-SSD-ata-256GB,SSD-240GB-2-5
HL-DT-ST HL-DT-ST DVDRAM GH24NSC0-HDD-ata-1GB,DVD-Brenner
Intel(R) Co2e(TM) i7-4790 CPU @ 3.60GHz,CPU-i7-4790
ATA HS-SSD-WAVE(S)-B 512G-SSD-sata-512GB,SSD-512GB-2-5
MAG Z790 TOMAHAWK WIFI (MS-7D91),MAB-Z790-TOMAHAWK
MK5_Pro_Intel_W,PC-MKV-Pro-Intel
Intel(R) Core(TM) i5-4590S CPU @ 3.00GHz,CPU-i5-4590
ATA CT500BX500SSD1-SSD-ata-500GB,SSD-512GB-2-5
TSSTcorp TSSTcorpDVD-ROM SH-116AB-HDD-ata-1GB,DVD-Brenner
hp hp DVDROM DH51N-HDD-ata-1GB,DVD-Brenner
Intel(R) Core(TM) i3-6100 CPU @ 3.70GHz,CPU-i3-6100
ATA VTP256GSSD1-SSD-sata-256GB,SSD-240GB-2-5
LIQUID_360,KUE-WA-360-S
KHX1600C9S3L/8G - SODIMM DDR3 Synchronous 1600 MHz (0.6 ns)-8GB,RAM-8GB-DDR3-SODIMM
9905428-417.A00LF - SODIMM DDR3 Synchronous 1600 MHz (0.6 ns)-8GB,RAM-8GB-DDR3-SODIMM
LENOVO_MT_10E9,Nicht im WAWI
M471B1G73QHO-YK0 - DIMM DDR3 Synchronous 1600 MHz (0.6 ns)-8GB,RAM-8GB-DDR3
 - DIMM DDR4 Synchronous Unbuffered (Unregistered) 3200 MHz (0.3 ns)-16GB,RAM-16GB-DDR4
zu wenig RAM,Nicht im WAWI
 - DIMM DDR4 Synchronous 2133 MHz (0.5 ns)-16GB,RAM-16GB-DDR4
ATA INNOVATIONIT-SSD-sata-1024GB,SSD-1TB-2-5
MK2ProIntel-ALT,Nicht im WAWI
MK2PowerIntel,PC-MK2-Power-Intel
CPU Falsch,Nicht im WAWI
HMT41GS6MFR8C-PB - SODIMM DDR3 Synchronous 1600 MHz (0.6 ns)-8GB,RAM-8GB-DDR3-SODIMM
AGI320016UD138 - DIMM DDR4 Synchronous Unbuffered (Unregistered) 3200 MHz (0.3 ns)-16GB,RAM-16GB-DDR4
ATA Verbatim Vi560-SSD-sata-1024GB,SSD-1TB-2-5
HB-Ultra-4,PC-HB-Ultra
ATA P3-256-SSD-sata-256GB,SSD-240GB-2-5
KF556C36-16 - DIMM Synchronous 4400 MHz (0.2 ns)-16GB,RAM-16GB-DDR5
A520M PRO (MS-7D14),MAB-A520M
BasicV2Intel-GT710,PC-Basic-V2-Intel
MK5_AMD_W,PC-MKV-AMD
CT4000P3PSSD8-SSD-nvme-4000GB,SSD-M2-4TB
ROG STRIX Z790-F GAMING WIFI,Nicht im WAWI
Intel(R) Core(TM) i9-14900KF,CPU-i9-14900KF
F5-6000J3040G32G - DIMM Synchronous 4000 MHz (0.2 ns)-32GB,RAM-32GB-DDR5
KINGSTON SFYRD2000G-SSD-nvme-2000GB,SSD-M2-2TB
KINGSTON SFYRS1000G-SSD-nvme-1000GB,SSD-M2-1TB
MK2Intel_4060-13,PC-MK2-Intel
UltraV2Intel-GT730-13,PC-Ultra-V2-Intel
M379B5273DH0-YK0 - DIMM DDR3 Synchronous 1600 MHz (0.6 ns)-8GB,RAM-8GB-DDR3
TSSTcorp TSSTcorp CDDVDW SH-216DB-HDD-ata-1GB,DVD-Brenner
M471B1G73DB0-YK0 - DIMM DDR3 Synchronous 1600 MHz (0.6 ns)-8GB,RAM-8GB-DDR3
SAMSUNG MZVLB1T0HBLR-000H1-SSD-nvme-1024GB,SSD-M2-1TB
LENOVO_MT_10A8,Nicht im WAWI
INNO781600 - SODIMM DDR3 Synchronous 1600 MHz (0.6 ns)-8GB,RAM-8GB-DDR3-SODIMM
SSD Fehlt_W,Nicht im WAWI
MK2ProIntel-12,PC-MK2-Pro-Intel
M378A2G43CB3-CWE - DIMM DDR4 Synchronous 3200 MHz (0.3 ns)-16GB,RAM-16GB-DDR4
HMA81GU6AFR8N-UH - DIMM DDR4 Synchronous 2400 MHz (0.4 ns)-8GB,RAM-8GB-DDR4
MK5_4070_W,Nicht im WAWI
LENOVO_MT_10AH,Nicht im WAWI
ATA HS-SSD-WAVE(S) 512G-SSD-sata-512GB,SSD-512GB-2-5
ATA TEAM TM8PS7512G-SSD-sata-512GB,SSD-512GB-2-5
MK5_Pro_Intel,PC-MKV-Pro-Intel
"ATA SSD_2.5""_TLC_256GB_InnovationIT-SSD-sata-256GB",SSD-240GB-2-5
M378B5273CH0-CH9 - DIMM DDR3 Synchronous 1333 MHz (0.8 ns)-4GB,RAM-4GB-DDR3
16KTF51264AZ-1G4M1 - DIMM DDR3 Synchronous 1333 MHz (0.8 ns)-4GB,RAM-4GB-DDR3
M471A5244CB0-CTD - SODIMM DDR4 Synchronous Unbuffered (Unregistered) 2667 MHz (0.4 ns)-4GB,RAM-4GB-DDR4-SODIMM
INTEL SSDPEKKF512G8L-SSD-nvme-512GB,SSD-512GB-M2
ATA LITEON CV3-8D128-HP-SSD-sata-128GB,JTL_ARTNR_M2SATA_SSD_128GB
